result,center,east,south_east,south
TOP_EMPTY,Empty,Empty,Empty,Empty
TOP_EMPTY_SOUTHWALLCORNER,Empty,Empty,Empty,Wall
TOP_EMPTY,Empty,Empty,Empty,Door
TOP_EMPTY_SOUTHSTAIRN,Empty,Empty,Empty,StairN
TOP_EMPTY,Empty,Empty,Empty,StairS
TOP_EMPTY_SOUTHSTAIRE,Empty,Empty,Empty,StairE
TOP_EMPTY_SOUTHSTAIRW,Empty,Empty,Empty,StairW
TOP_EMPTY,Empty,Empty,Wall,Empty
TOP_EMPTY_SOUTHWALLHORIZONTAL,Empty,Empty,Wall,Wall
TOP_EMPTY,Empty,Empty,Wall,Door
TOP_EMPTY_SOUTHSTAIRNFULL,Empty,Empty,Wall,StairN
TOP_EMPTY,Empty,Empty,Wall,StairS
TOP_EMPTY_SOUTHSTAIRE,Empty,Empty,Wall,StairE
TOP_EMPTY_SOUTHSTAIRW,Empty,Empty,Wall,StairW
TOP_EMPTY,Empty,Empty,Door,Empty
TOP_EMPTY_SOUTHWALLCORNER,Empty,Empty,Door,Wall
TOP_EMPTY,Empty,Empty,Door,Door
TOP_EMPTY_SOUTHSTAIRN,Empty,Empty,Door,StairN
TOP_EMPTY,Empty,Empty,Door,StairS
TOP_EMPTY_SOUTHSTAIRE,Empty,Empty,Door,StairE
TOP_EMPTY_SOUTHSTAIRW,Empty,Empty,Door,StairW
TOP_EMPTY,Empty,Empty,StairN,Empty
TOP_EMPTY_SOUTHWALLCORNER_SOUTHEASTSTAIRN,Empty,Empty,StairN,Wall
TOP_EMPTY,Empty,Empty,StairN,Door
TOP_EMPTY_SOUTHSTAIRNFULL,Empty,Empty,StairN,StairN
TOP_EMPTY,Empty,Empty,StairN,StairS
TOP_EMPTY_SOUTHSTAIRE,Empty,Empty,StairN,StairE
TOP_EMPTY_SOUTHSTAIRW,Empty,Empty,StairN,StairW
TOP_EMPTY,Empty,Empty,StairS,Empty
TOP_EMPTY_SOUTHWALLCORNER,Empty,Empty,StairS,Wall
TOP_EMPTY,Empty,Empty,StairS,Door
TOP_EMPTY_SOUTHSTAIRN,Empty,Empty,StairS,StairN
TOP_EMPTY,Empty,Empty,StairS,StairS
TOP_EMPTY_SOUTHSTAIRE,Empty,Empty,StairS,StairE
TOP_EMPTY_SOUTHSTAIRW,Empty,Empty,StairS,StairW
TOP_EMPTY,Empty,Empty,StairE,Empty
TOP_EMPTY_SOUTHWALLCORNER,Empty,Empty,StairE,Wall
TOP_EMPTY,Empty,Empty,StairE,Door
TOP_EMPTY_SOUTHSTAIRN,Empty,Empty,StairE,StairN
TOP_EMPTY,Empty,Empty,StairE,StairS
TOP_EMPTY_SOUTHSTAIRE,Empty,Empty,StairE,StairE
TOP_EMPTY_SOUTHSTAIRW,Empty,Empty,StairE,StairW
TOP_EMPTY_SOUTHEASTSTAIRW,Empty,Empty,StairW,Empty
TOP_EMPTY_SOUTHWALLHORIZONTAL,Empty,Empty,StairW,Wall
TOP_EMPTY_SOUTHEASTSTAIRW,Empty,Empty,StairW,Door
TOP_EMPTY_SOUTHSTAIRN_SOUTHEASTSTAIRW,Empty,Empty,StairW,StairN
TOP_EMPTY_SOUTHEASTSTAIRW,Empty,Empty,StairW,StairS
TOP_EMPTY_SOUTHSTAIRE_SOUTHEASTSTAIRW,Empty,Empty,StairW,StairE
TOP_EMPTY_SOUTHSTAIRW_SOUTHEASTSTAIRW,Empty,Empty,StairW,StairW
TOP_EMPTY,Empty,Wall,Empty,Empty
TOP_EMPTY_SOUTHWALLCORNER,Empty,Wall,Empty,Wall
TOP_EMPTY,Empty,Wall,Empty,Door
TOP_EMPTY_SOUTHSTAIRN,Empty,Wall,Empty,StairN
TOP_EMPTY,Empty,Wall,Empty,StairS
TOP_EMPTY_SOUTHSTAIRE,Empty,Wall,Empty,StairE
TOP_EMPTY_SOUTHSTAIRW,Empty,Wall,Empty,StairW
TOP_EMPTY,Empty,Wall,Wall,Empty
TOP_EMPTY_SOUTHWALLHORIZONTAL,Empty,Wall,Wall,Wall
TOP_EMPTY,Empty,Wall,Wall,Door
TOP_EMPTY_SOUTHSTAIRNFULL,Empty,Wall,Wall,StairN
TOP_EMPTY,Empty,Wall,Wall,StairS
TOP_EMPTY_SOUTHSTAIRE,Empty,Wall,Wall,StairE
TOP_EMPTY_SOUTHSTAIRW,Empty,Wall,Wall,StairW
TOP_EMPTY,Empty,Wall,Door,Empty
TOP_EMPTY_SOUTHWALLCORNER,Empty,Wall,Door,Wall
TOP_EMPTY,Empty,Wall,Door,Door
TOP_EMPTY_SOUTHSTAIRN,Empty,Wall,Door,StairN
TOP_EMPTY,Empty,Wall,Door,StairS
TOP_EMPTY_SOUTHSTAIRE,Empty,Wall,Door,StairE
TOP_EMPTY_SOUTHSTAIRW,Empty,Wall,Door,StairW
TOP_EMPTY,Empty,Wall,StairN,Empty
TOP_EMPTY_SOUTHWALLCORNER_SOUTHEASTSTAIRN,Empty,Wall,StairN,Wall
TOP_EMPTY,Empty,Wall,StairN,Door
TOP_EMPTY_SOUTHSTAIRNFULL,Empty,Wall,StairN,StairN
TOP_EMPTY,Empty,Wall,StairN,StairS
TOP_EMPTY_SOUTHSTAIRE,Empty,Wall,StairN,StairE
TOP_EMPTY_SOUTHSTAIRW,Empty,Wall,StairN,StairW
TOP_EMPTY,Empty,Wall,StairS,Empty
TOP_EMPTY_SOUTHWALLCORNER,Empty,Wall,StairS,Wall
TOP_EMPTY,Empty,Wall,StairS,Door
TOP_EMPTY_SOUTHSTAIRN,Empty,Wall,StairS,StairN
TOP_EMPTY,Empty,Wall,StairS,StairS
TOP_EMPTY_SOUTHSTAIRE,Empty,Wall,StairS,StairE
TOP_EMPTY_SOUTHSTAIRW,Empty,Wall,StairS,StairW
TOP_EMPTY,Empty,Wall,StairE,Empty
TOP_EMPTY_SOUTHWALLCORNER,Empty,Wall,StairE,Wall
TOP_EMPTY,Empty,Wall,StairE,Door
TOP_EMPTY_SOUTHSTAIRN,Empty,Wall,StairE,StairN
TOP_EMPTY,Empty,Wall,StairE,StairS
TOP_EMPTY_SOUTHSTAIRE,Empty,Wall,StairE,StairE
TOP_EMPTY_SOUTHSTAIRW,Empty,Wall,StairE,StairW
TOP_EMPTY_SOUTHEASTSTAIRWFULL,Empty,Wall,StairW,Empty
TOP_EMPTY_SOUTHWALLHORIZONTAL_SOUTHEASTSTAIRWFULL,Empty,Wall,StairW,Wall
TOP_EMPTY_SOUTHEASTSTAIRWFULL,Empty,Wall,StairW,Door
TOP_EMPTY_SOUTHSTAIRN_SOUTHEASTSTAIRWFULL,Empty,Wall,StairW,StairN
TOP_EMPTY_SOUTHEASTSTAIRWFULL,Empty,Wall,StairW,StairS
TOP_EMPTY_SOUTHSTAIRE_SOUTHEASTSTAIRWFULL,Empty,Wall,StairW,StairE
TOP_EMPTY_SOUTHSTAIRW_SOUTHEASTSTAIRWFULL,Empty,Wall,StairW,StairW
TOP_EMPTY,Empty,Door,Empty,Empty
TOP_EMPTY_SOUTHWALLCORNER,Empty,Door,Empty,Wall
TOP_EMPTY,Empty,Door,Empty,Door
TOP_EMPTY_SOUTHSTAIRN,Empty,Door,Empty,StairN
TOP_EMPTY,Empty,Door,Empty,StairS
TOP_EMPTY_SOUTHSTAIRE,Empty,Door,Empty,StairE
TOP_EMPTY_SOUTHSTAIRW,Empty,Door,Empty,StairW
TOP_EMPTY,Empty,Door,Wall,Empty
TOP_EMPTY_SOUTHWALLHORIZONTAL,Empty,Door,Wall,Wall
TOP_EMPTY,Empty,Door,Wall,Door
TOP_EMPTY_SOUTHSTAIRNFULL,Empty,Door,Wall,StairN
TOP_EMPTY,Empty,Door,Wall,StairS
TOP_EMPTY_SOUTHSTAIRE,Empty,Door,Wall,StairE
TOP_EMPTY_SOUTHSTAIRW,Empty,Door,Wall,StairW
TOP_EMPTY,Empty,Door,Door,Empty
TOP_EMPTY_SOUTHWALLCORNER,Empty,Door,Door,Wall
TOP_EMPTY,Empty,Door,Door,Door
TOP_EMPTY_SOUTHSTAIRN,Empty,Door,Door,StairN
TOP_EMPTY,Empty,Door,Door,StairS
TOP_EMPTY_SOUTHSTAIRE,Empty,Door,Door,StairE
TOP_EMPTY_SOUTHSTAIRW,Empty,Door,Door,StairW
TOP_EMPTY,Empty,Door,StairN,Empty
TOP_EMPTY_SOUTHWALLCORNER_SOUTHEASTSTAIRN,Empty,Door,StairN,Wall
TOP_EMPTY,Empty,Door,StairN,Door
TOP_EMPTY_SOUTHSTAIRNFULL,Empty,Door,StairN,StairN
TOP_EMPTY,Empty,Door,StairN,StairS
TOP_EMPTY_SOUTHSTAIRE,Empty,Door,StairN,StairE
TOP_EMPTY_SOUTHSTAIRW,Empty,Door,StairN,StairW
TOP_EMPTY,Empty,Door,StairS,Empty
TOP_EMPTY_SOUTHWALLCORNER,Empty,Door,StairS,Wall
TOP_EMPTY,Empty,Door,StairS,Door
TOP_EMPTY_SOUTHSTAIRN,Empty,Door,StairS,StairN
TOP_EMPTY,Empty,Door,StairS,StairS
TOP_EMPTY_SOUTHSTAIRE,Empty,Door,StairS,StairE
TOP_EMPTY_SOUTHSTAIRW,Empty,Door,StairS,StairW
TOP_EMPTY,Empty,Door,StairE,Empty
TOP_EMPTY_SOUTHWALLCORNER,Empty,Door,StairE,Wall
TOP_EMPTY,Empty,Door,StairE,Door
TOP_EMPTY_SOUTHSTAIRN,Empty,Door,StairE,StairN
TOP_EMPTY,Empty,Door,StairE,StairS
TOP_EMPTY_SOUTHSTAIRE,Empty,Door,StairE,StairE
TOP_EMPTY_SOUTHSTAIRW,Empty,Door,StairE,StairW
TOP_EMPTY_SOUTHEASTSTAIRW,Empty,Door,StairW,Empty
TOP_EMPTY_SOUTHWALLHORIZONTAL,Empty,Door,StairW,Wall
TOP_EMPTY_SOUTHEASTSTAIRW,Empty,Door,StairW,Door
TOP_EMPTY_SOUTHSTAIRN_SOUTHEASTSTAIRW,Empty,Door,StairW,StairN
TOP_EMPTY_SOUTHEASTSTAIRW,Empty,Door,StairW,StairS
TOP_EMPTY_SOUTHSTAIRE_SOUTHEASTSTAIRW,Empty,Door,StairW,StairE
TOP_EMPTY_SOUTHSTAIRW_SOUTHEASTSTAIRW,Empty,Door,StairW,StairW
TOP_EMPTY,Empty,StairN,Empty,Empty
TOP_EMPTY_SOUTHWALLCORNER,Empty,StairN,Empty,Wall
TOP_EMPTY,Empty,StairN,Empty,Door
TOP_EMPTY_SOUTHSTAIRN,Empty,StairN,Empty,StairN
TOP_EMPTY,Empty,StairN,Empty,StairS
TOP_EMPTY_SOUTHSTAIRE,Empty,StairN,Empty,StairE
TOP_EMPTY_SOUTHSTAIRW,Empty,StairN,Empty,StairW
TOP_EMPTY,Empty,StairN,Wall,Empty
TOP_EMPTY_SOUTHWALLHORIZONTAL,Empty,StairN,Wall,Wall
TOP_EMPTY,Empty,StairN,Wall,Door
TOP_EMPTY_SOUTHSTAIRNFULL,Empty,StairN,Wall,StairN
TOP_EMPTY,Empty,StairN,Wall,StairS
TOP_EMPTY_SOUTHSTAIRE,Empty,StairN,Wall,StairE
TOP_EMPTY_SOUTHSTAIRW,Empty,StairN,Wall,StairW
TOP_EMPTY,Empty,StairN,Door,Empty
TOP_EMPTY_SOUTHWALLCORNER,Empty,StairN,Door,Wall
TOP_EMPTY,Empty,StairN,Door,Door
TOP_EMPTY_SOUTHSTAIRN,Empty,StairN,Door,StairN
TOP_EMPTY,Empty,StairN,Door,StairS
TOP_EMPTY_SOUTHSTAIRE,Empty,StairN,Door,StairE
TOP_EMPTY_SOUTHSTAIRW,Empty,StairN,Door,StairW
TOP_EMPTY,Empty,StairN,StairN,Empty
TOP_EMPTY_SOUTHWALLCORNER_SOUTHEASTSTAIRN,Empty,StairN,StairN,Wall
TOP_EMPTY,Empty,StairN,StairN,Door
TOP_EMPTY_SOUTHSTAIRNFULL,Empty,StairN,StairN,StairN
TOP_EMPTY,Empty,StairN,StairN,StairS
TOP_EMPTY_SOUTHSTAIRE,Empty,StairN,StairN,StairE
TOP_EMPTY_SOUTHSTAIRW,Empty,StairN,StairN,StairW
TOP_EMPTY,Empty,StairN,StairS,Empty
TOP_EMPTY_SOUTHWALLCORNER,Empty,StairN,StairS,Wall
TOP_EMPTY,Empty,StairN,StairS,Door
TOP_EMPTY_SOUTHSTAIRN,Empty,StairN,StairS,StairN
TOP_EMPTY,Empty,StairN,StairS,StairS
TOP_EMPTY_SOUTHSTAIRE,Empty,StairN,StairS,StairE
TOP_EMPTY_SOUTHSTAIRW,Empty,StairN,StairS,StairW
TOP_EMPTY,Empty,StairN,StairE,Empty
TOP_EMPTY_SOUTHWALLCORNER,Empty,StairN,StairE,Wall
TOP_EMPTY,Empty,StairN,StairE,Door
TOP_EMPTY_SOUTHSTAIRN,Empty,StairN,StairE,StairN
TOP_EMPTY,Empty,StairN,StairE,StairS
TOP_EMPTY_SOUTHSTAIRE,Empty,StairN,StairE,StairE
TOP_EMPTY_SOUTHSTAIRW,Empty,StairN,StairE,StairW
TOP_EMPTY_SOUTHEASTSTAIRW,Empty,StairN,StairW,Empty
TOP_EMPTY_SOUTHWALLHORIZONTAL,Empty,StairN,StairW,Wall
TOP_EMPTY_SOUTHEASTSTAIRW,Empty,StairN,StairW,Door
TOP_EMPTY_SOUTHSTAIRN_SOUTHEASTSTAIRW,Empty,StairN,StairW,StairN
TOP_EMPTY_SOUTHEASTSTAIRW,Empty,StairN,StairW,StairS
TOP_EMPTY_SOUTHSTAIRE_SOUTHEASTSTAIRW,Empty,StairN,StairW,StairE
TOP_EMPTY_SOUTHSTAIRW_SOUTHEASTSTAIRW,Empty,StairN,StairW,StairW
TOP_EMPTY,Empty,StairS,Empty,Empty
TOP_EMPTY_SOUTHWALLCORNER,Empty,StairS,Empty,Wall
TOP_EMPTY,Empty,StairS,Empty,Door
TOP_EMPTY_SOUTHSTAIRN,Empty,StairS,Empty,StairN
TOP_EMPTY,Empty,StairS,Empty,StairS
TOP_EMPTY_SOUTHSTAIRE,Empty,StairS,Empty,StairE
TOP_EMPTY_SOUTHSTAIRW,Empty,StairS,Empty,StairW
TOP_EMPTY,Empty,StairS,Wall,Empty
TOP_EMPTY_SOUTHWALLHORIZONTAL,Empty,StairS,Wall,Wall
TOP_EMPTY,Empty,StairS,Wall,Door
TOP_EMPTY_SOUTHSTAIRNFULL,Empty,StairS,Wall,StairN
TOP_EMPTY,Empty,StairS,Wall,StairS
TOP_EMPTY_SOUTHSTAIRE,Empty,StairS,Wall,StairE
TOP_EMPTY_SOUTHSTAIRW,Empty,StairS,Wall,StairW
TOP_EMPTY,Empty,StairS,Door,Empty
TOP_EMPTY_SOUTHWALLCORNER,Empty,StairS,Door,Wall
TOP_EMPTY,Empty,StairS,Door,Door
TOP_EMPTY_SOUTHSTAIRN,Empty,StairS,Door,StairN
TOP_EMPTY,Empty,StairS,Door,StairS
TOP_EMPTY_SOUTHSTAIRE,Empty,StairS,Door,StairE
TOP_EMPTY_SOUTHSTAIRW,Empty,StairS,Door,StairW
TOP_EMPTY,Empty,StairS,StairN,Empty
TOP_EMPTY_SOUTHWALLCORNER_SOUTHEASTSTAIRN,Empty,StairS,StairN,Wall
TOP_EMPTY,Empty,StairS,StairN,Door
TOP_EMPTY_SOUTHSTAIRNFULL,Empty,StairS,StairN,StairN
TOP_EMPTY,Empty,StairS,StairN,StairS
TOP_EMPTY_SOUTHSTAIRE,Empty,StairS,StairN,StairE
TOP_EMPTY_SOUTHSTAIRW,Empty,StairS,StairN,StairW
TOP_EMPTY,Empty,StairS,StairS,Empty
TOP_EMPTY_SOUTHWALLCORNER,Empty,StairS,StairS,Wall
TOP_EMPTY,Empty,StairS,StairS,Door
TOP_EMPTY_SOUTHSTAIRN,Empty,StairS,StairS,StairN
TOP_EMPTY,Empty,StairS,StairS,StairS
TOP_EMPTY_SOUTHSTAIRE,Empty,StairS,StairS,StairE
TOP_EMPTY_SOUTHSTAIRW,Empty,StairS,StairS,StairW
TOP_EMPTY,Empty,StairS,StairE,Empty
TOP_EMPTY_SOUTHWALLCORNER,Empty,StairS,StairE,Wall
TOP_EMPTY,Empty,StairS,StairE,Door
TOP_EMPTY_SOUTHSTAIRN,Empty,StairS,StairE,StairN
TOP_EMPTY,Empty,StairS,StairE,StairS
TOP_EMPTY_SOUTHSTAIRE,Empty,StairS,StairE,StairE
TOP_EMPTY_SOUTHSTAIRW,Empty,StairS,StairE,StairW
TOP_EMPTY_SOUTHEASTSTAIRW,Empty,StairS,StairW,Empty
TOP_EMPTY_SOUTHWALLHORIZONTAL,Empty,StairS,StairW,Wall
TOP_EMPTY_SOUTHEASTSTAIRW,Empty,StairS,StairW,Door
TOP_EMPTY_SOUTHSTAIRN_SOUTHEASTSTAIRW,Empty,StairS,StairW,StairN
TOP_EMPTY_SOUTHEASTSTAIRW,Empty,StairS,StairW,StairS
TOP_EMPTY_SOUTHSTAIRE_SOUTHEASTSTAIRW,Empty,StairS,StairW,StairE
TOP_EMPTY_SOUTHSTAIRW_SOUTHEASTSTAIRW,Empty,StairS,StairW,StairW
TOP_EMPTY,Empty,StairE,Empty,Empty
TOP_EMPTY_SOUTHWALLCORNER,Empty,StairE,Empty,Wall
TOP_EMPTY,Empty,StairE,Empty,Door
TOP_EMPTY_SOUTHSTAIRN,Empty,StairE,Empty,StairN
TOP_EMPTY,Empty,StairE,Empty,StairS
TOP_EMPTY_SOUTHSTAIRE,Empty,StairE,Empty,StairE
TOP_EMPTY_SOUTHSTAIRW,Empty,StairE,Empty,StairW
TOP_EMPTY,Empty,StairE,Wall,Empty
TOP_EMPTY_SOUTHWALLHORIZONTAL,Empty,StairE,Wall,Wall
TOP_EMPTY,Empty,StairE,Wall,Door
TOP_EMPTY_SOUTHSTAIRNFULL,Empty,StairE,Wall,StairN
TOP_EMPTY,Empty,StairE,Wall,StairS
TOP_EMPTY_SOUTHSTAIRE,Empty,StairE,Wall,StairE
TOP_EMPTY_SOUTHSTAIRW,Empty,StairE,Wall,StairW
TOP_EMPTY,Empty,StairE,Door,Empty
TOP_EMPTY_SOUTHWALLCORNER,Empty,StairE,Door,Wall
TOP_EMPTY,Empty,StairE,Door,Door
TOP_EMPTY_SOUTHSTAIRN,Empty,StairE,Door,StairN
TOP_EMPTY,Empty,StairE,Door,StairS
TOP_EMPTY_SOUTHSTAIRE,Empty,StairE,Door,StairE
TOP_EMPTY_SOUTHSTAIRW,Empty,StairE,Door,StairW
TOP_EMPTY,Empty,StairE,StairN,Empty
TOP_EMPTY_SOUTHWALLCORNER_SOUTHEASTSTAIRN,Empty,StairE,StairN,Wall
TOP_EMPTY,Empty,StairE,StairN,Door
TOP_EMPTY_SOUTHSTAIRNFULL,Empty,StairE,StairN,StairN
TOP_EMPTY,Empty,StairE,StairN,StairS
TOP_EMPTY_SOUTHSTAIRE,Empty,StairE,StairN,StairE
TOP_EMPTY_SOUTHSTAIRW,Empty,StairE,StairN,StairW
TOP_EMPTY,Empty,StairE,StairS,Empty
TOP_EMPTY_SOUTHWALLCORNER,Empty,StairE,StairS,Wall
TOP_EMPTY,Empty,StairE,StairS,Door
TOP_EMPTY_SOUTHSTAIRN,Empty,StairE,StairS,StairN
TOP_EMPTY,Empty,StairE,StairS,StairS
TOP_EMPTY_SOUTHSTAIRE,Empty,StairE,StairS,StairE
TOP_EMPTY_SOUTHSTAIRW,Empty,StairE,StairS,StairW
TOP_EMPTY,Empty,StairE,StairE,Empty
TOP_EMPTY_SOUTHWALLCORNER,Empty,StairE,StairE,Wall
TOP_EMPTY,Empty,StairE,StairE,Door
TOP_EMPTY_SOUTHSTAIRN,Empty,StairE,StairE,StairN
TOP_EMPTY,Empty,StairE,StairE,StairS
TOP_EMPTY_SOUTHSTAIRE,Empty,StairE,StairE,StairE
TOP_EMPTY_SOUTHSTAIRW,Empty,StairE,StairE,StairW
TOP_EMPTY_SOUTHEASTSTAIRW,Empty,StairE,StairW,Empty
TOP_EMPTY_SOUTHWALLHORIZONTAL,Empty,StairE,StairW,Wall
TOP_EMPTY_SOUTHEASTSTAIRW,Empty,StairE,StairW,Door
TOP_EMPTY_SOUTHSTAIRN_SOUTHEASTSTAIRW,Empty,StairE,StairW,StairN
TOP_EMPTY_SOUTHEASTSTAIRW,Empty,StairE,StairW,StairS
TOP_EMPTY_SOUTHSTAIRE_SOUTHEASTSTAIRW,Empty,StairE,StairW,StairE
TOP_EMPTY_SOUTHSTAIRW_SOUTHEASTSTAIRW,Empty,StairE,StairW,StairW
TOP_EMPTY_EASTSTAIRW,Empty,StairW,Empty,Empty
TOP_EMPTY_SOUTHWALLCORNER_EASTSTAIRW,Empty,StairW,Empty,Wall
TOP_EMPTY_EASTSTAIRW,Empty,StairW,Empty,Door
TOP_EMPTY_SOUTHSTAIRN_EASTSTAIRW,Empty,StairW,Empty,StairN
TOP_EMPTY_EASTSTAIRW,Empty,StairW,Empty,StairS
TOP_EMPTY_SOUTHSTAIRE_EASTSTAIRW,Empty,StairW,Empty,StairE
TOP_EMPTY_SOUTHSTAIRW_EASTSTAIRW,Empty,StairW,Empty,StairW
TOP_EMPTY_EASTSTAIRWFULL,Empty,StairW,Wall,Empty
TOP_EMPTY_SOUTHWALLHORIZONTAL_EASTSTAIRWFULL,Empty,StairW,Wall,Wall
TOP_EMPTY_EASTSTAIRWFULL,Empty,StairW,Wall,Door
TOP_EMPTY_SOUTHSTAIRNFULL_EASTSTAIRWFULL,Empty,StairW,Wall,StairN
TOP_EMPTY_EASTSTAIRWFULL,Empty,StairW,Wall,StairS
TOP_EMPTY_SOUTHSTAIRE_EASTSTAIRWFULL,Empty,StairW,Wall,StairE
TOP_EMPTY_SOUTHSTAIRW_EASTSTAIRWFULL,Empty,StairW,Wall,StairW
TOP_EMPTY_EASTSTAIRW,Empty,StairW,Door,Empty
TOP_EMPTY_SOUTHWALLCORNER_EASTSTAIRW,Empty,StairW,Door,Wall
TOP_EMPTY_EASTSTAIRW,Empty,StairW,Door,Door
TOP_EMPTY_SOUTHSTAIRN_EASTSTAIRW,Empty,StairW,Door,StairN
TOP_EMPTY_EASTSTAIRW,Empty,StairW,Door,StairS
TOP_EMPTY_SOUTHSTAIRE_EASTSTAIRW,Empty,StairW,Door,StairE
TOP_EMPTY_SOUTHSTAIRW_EASTSTAIRW,Empty,StairW,Door,StairW
TOP_EMPTY_EASTSTAIRW,Empty,StairW,StairN,Empty
TOP_EMPTY_SOUTHWALLCORNER_SOUTHEASTSTAIRN_EASTSTAIRW,Empty,StairW,StairN,Wall
TOP_EMPTY_EASTSTAIRW,Empty,StairW,StairN,Door
TOP_EMPTY_SOUTHSTAIRNFULL_SOUTHEASTSTAIRN_EASTSTAIRW,Empty,StairW,StairN,StairN
TOP_EMPTY_EASTSTAIRW,Empty,StairW,StairN,StairS
TOP_EMPTY_SOUTHSTAIRE_EASTSTAIRW,Empty,StairW,StairN,StairE
TOP_EMPTY_SOUTHSTAIRW_EASTSTAIRW,Empty,StairW,StairN,StairW
TOP_EMPTY_EASTSTAIRW,Empty,StairW,StairS,Empty
TOP_EMPTY_SOUTHWALLCORNER_EASTSTAIRW,Empty,StairW,StairS,Wall
TOP_EMPTY_EASTSTAIRW,Empty,StairW,StairS,Door
TOP_EMPTY_SOUTHSTAIRN_EASTSTAIRW,Empty,StairW,StairS,StairN
TOP_EMPTY_EASTSTAIRW,Empty,StairW,StairS,StairS
TOP_EMPTY_SOUTHSTAIRE_EASTSTAIRW,Empty,StairW,StairS,StairE
TOP_EMPTY_SOUTHSTAIRW_EASTSTAIRW,Empty,StairW,StairS,StairW
TOP_EMPTY_EASTSTAIRW,Empty,StairW,StairE,Empty
TOP_EMPTY_SOUTHWALLCORNER_EASTSTAIRW,Empty,StairW,StairE,Wall
TOP_EMPTY_EASTSTAIRW,Empty,StairW,StairE,Door
TOP_EMPTY_SOUTHSTAIRN_EASTSTAIRW,Empty,StairW,StairE,StairN
TOP_EMPTY_EASTSTAIRW,Empty,StairW,StairE,StairS
TOP_EMPTY_SOUTHSTAIRE_EASTSTAIRW,Empty,StairW,StairE,StairE
TOP_EMPTY_SOUTHSTAIRW_EASTSTAIRW,Empty,StairW,StairE,StairW
TOP_EMPTY_EASTSTAIRWFULL,Empty,StairW,StairW,Empty
TOP_EMPTY_SOUTHWALLHORIZONTAL_EASTSTAIRWFULL,Empty,StairW,StairW,Wall
TOP_EMPTY_EASTSTAIRWFULL,Empty,StairW,StairW,Door
TOP_EMPTY_SOUTHSTAIRNFULL_EASTSTAIRWFULL,Empty,StairW,StairW,StairN
TOP_EMPTY_EASTSTAIRWFULL,Empty,StairW,StairW,StairS
TOP_EMPTY_SOUTHSTAIRE_EASTSTAIRWFULL,Empty,StairW,StairW,StairE
TOP_EMPTY_SOUTHSTAIRW_EASTSTAIRWFULL,Empty,StairW,StairW,StairW
TOP_EMPTY,Wall,Empty,Empty,Empty
TOP_EMPTY_SOUTHWALLCORNER,Wall,Empty,Empty,Wall
TOP_EMPTY,Wall,Empty,Empty,Door
TOP_EMPTY_SOUTHSTAIRN,Wall,Empty,Empty,StairN
TOP_EMPTY,Wall,Empty,Empty,StairS
TOP_EMPTY_SOUTHSTAIREFULL,Wall,Empty,Empty,StairE
TOP_EMPTY_SOUTHSTAIRWFULL,Wall,Empty,Empty,StairW
TOP_EMPTY,Wall,Empty,Wall,Empty
TOP_WALLVERTICAL_SOUTHWALLHORIZONTAL,Wall,Empty,Wall,Wall
TOP_EMPTY,Wall,Empty,Wall,Door
TOP_WALLVERTICAL_SOUTHSTAIRNFULL,Wall,Empty,Wall,StairN
TOP_EMPTY,Wall,Empty,Wall,StairS
TOP_EMPTY_SOUTHSTAIREFULL,Wall,Empty,Wall,StairE
TOP_EMPTY_SOUTHSTAIRWFULL,Wall,Empty,Wall,StairW
TOP_EMPTY,Wall,Empty,Door,Empty
TOP_EMPTY_SOUTHWALLCORNER,Wall,Empty,Door,Wall
TOP_EMPTY,Wall,Empty,Door,Door
TOP_EMPTY_SOUTHSTAIRN,Wall,Empty,Door,StairN
TOP_EMPTY,Wall,Empty,Door,StairS
TOP_EMPTY_SOUTHSTAIREFULL,Wall,Empty,Door,StairE
TOP_EMPTY_SOUTHSTAIRWFULL,Wall,Empty,Door,StairW
TOP_EMPTY,Wall,Empty,StairN,Empty
TOP_WALLVERTICAL_SOUTHWALLCORNER_SOUTHEASTSTAIRN,Wall,Empty,StairN,Wall
TOP_EMPTY,Wall,Empty,StairN,Door
TOP_WALLVERTICAL_SOUTHSTAIRNFULL,Wall,Empty,StairN,StairN
TOP_EMPTY,Wall,Empty,StairN,StairS
TOP_EMPTY_SOUTHSTAIREFULL,Wall,Empty,StairN,StairE
TOP_EMPTY_SOUTHSTAIRWFULL,Wall,Empty,StairN,StairW
TOP_EMPTY,Wall,Empty,StairS,Empty
TOP_EMPTY_SOUTHWALLCORNER,Wall,Empty,StairS,Wall
TOP_EMPTY,Wall,Empty,StairS,Door
TOP_EMPTY_SOUTHSTAIRN,Wall,Empty,StairS,StairN
TOP_EMPTY,Wall,Empty,StairS,StairS
TOP_EMPTY_SOUTHSTAIREFULL,Wall,Empty,StairS,StairE
TOP_EMPTY_SOUTHSTAIRWFULL,Wall,Empty,StairS,StairW
TOP_EMPTY,Wall,Empty,StairE,Empty
TOP_EMPTY_SOUTHWALLCORNER,Wall,Empty,StairE,Wall
TOP_EMPTY,Wall,Empty,StairE,Door
TOP_EMPTY_SOUTHSTAIRN,Wall,Empty,StairE,StairN
TOP_EMPTY,Wall,Empty,StairE,StairS
TOP_EMPTY_SOUTHSTAIREFULL,Wall,Empty,StairE,StairE
TOP_EMPTY_SOUTHSTAIRWFULL,Wall,Empty,StairE,StairW
TOP_EMPTY_SOUTHEASTSTAIRW,Wall,Empty,StairW,Empty
TOP_WALLVERTICAL_SOUTHWALLHORIZONTAL,Wall,Empty,StairW,Wall
TOP_EMPTY_SOUTHEASTSTAIRW,Wall,Empty,StairW,Door
TOP_WALLVERTICAL_SOUTHSTAIRN_SOUTHEASTSTAIRW,Wall,Empty,StairW,StairN
TOP_EMPTY_SOUTHEASTSTAIRW,Wall,Empty,StairW,StairS
TOP_EMPTY_SOUTHSTAIREFULL_SOUTHEASTSTAIRW,Wall,Empty,StairW,StairE
TOP_EMPTY_SOUTHSTAIRWFULL_SOUTHEASTSTAIRW,Wall,Empty,StairW,StairW
TOP_EMPTY,Wall,Wall,Empty,Empty
TOP_EMPTY_SOUTHWALLCORNER,Wall,Wall,Empty,Wall
TOP_EMPTY,Wall,Wall,Empty,Door
TOP_EMPTY_SOUTHSTAIRN,Wall,Wall,Empty,StairN
TOP_EMPTY,Wall,Wall,Empty,StairS
TOP_EMPTY_SOUTHSTAIREFULL,Wall,Wall,Empty,StairE
TOP_EMPTY_SOUTHSTAIRWFULL,Wall,Wall,Empty,StairW
TOP_EMPTY,Wall,Wall,Wall,Empty
TOP_WALLFULL,Wall,Wall,Wall,Wall
TOP_EMPTY,Wall,Wall,Wall,Door
TOP_WALLFULL_SOUTHSTAIRNFULL,Wall,Wall,Wall,StairN
TOP_EMPTY,Wall,Wall,Wall,StairS
TOP_EMPTY_SOUTHSTAIREFULL,Wall,Wall,Wall,StairE
TOP_EMPTY_SOUTHSTAIRWFULL,Wall,Wall,Wall,StairW
TOP_EMPTY,Wall,Wall,Door,Empty
TOP_EMPTY_SOUTHWALLCORNER,Wall,Wall,Door,Wall
TOP_EMPTY,Wall,Wall,Door,Door
TOP_EMPTY_SOUTHSTAIRN,Wall,Wall,Door,StairN
TOP_EMPTY,Wall,Wall,Door,StairS
TOP_EMPTY_SOUTHSTAIREFULL,Wall,Wall,Door,StairE
TOP_EMPTY_SOUTHSTAIRWFULL,Wall,Wall,Door,StairW
TOP_EMPTY,Wall,Wall,StairN,Empty
TOP_WALLINVERSECORNER_SOUTHWALLCORNER_SOUTHEASTSTAIRN,Wall,Wall,StairN,Wall
TOP_EMPTY,Wall,Wall,StairN,Door
TOP_WALLFULL_SOUTHSTAIRNFULL,Wall,Wall,StairN,StairN
TOP_EMPTY,Wall,Wall,StairN,StairS
TOP_EMPTY_SOUTHSTAIREFULL,Wall,Wall,StairN,StairE
TOP_EMPTY_SOUTHSTAIRWFULL,Wall,Wall,StairN,StairW
TOP_EMPTY,Wall,Wall,StairS,Empty
TOP_EMPTY_SOUTHWALLCORNER,Wall,Wall,StairS,Wall
TOP_EMPTY,Wall,Wall,StairS,Door
TOP_EMPTY_SOUTHSTAIRN,Wall,Wall,StairS,StairN
TOP_EMPTY,Wall,Wall,StairS,StairS
TOP_EMPTY_SOUTHSTAIREFULL,Wall,Wall,StairS,StairE
TOP_EMPTY_SOUTHSTAIRWFULL,Wall,Wall,StairS,StairW
TOP_EMPTY,Wall,Wall,StairE,Empty
TOP_EMPTY_SOUTHWALLCORNER,Wall,Wall,StairE,Wall
TOP_EMPTY,Wall,Wall,StairE,Door
TOP_EMPTY_SOUTHSTAIRN,Wall,Wall,StairE,StairN
TOP_EMPTY,Wall,Wall,StairE,StairS
TOP_EMPTY_SOUTHSTAIREFULL,Wall,Wall,StairE,StairE
TOP_EMPTY_SOUTHSTAIRWFULL,Wall,Wall,StairE,StairW
TOP_WALLHORIZONTAL_SOUTHEASTSTAIRWFULL,Wall,Wall,StairW,Empty
TOP_WALLFULL,Wall,Wall,StairW,Wall
TOP_WALLHORIZONTAL_SOUTHEASTSTAIRWFULL,Wall,Wall,StairW,Door
TOP_WALLINVERSECORNER_SOUTHSTAIRN_SOUTHEASTSTAIRWFULL,Wall,Wall,StairW,StairN
TOP_WALLHORIZONTAL_SOUTHEASTSTAIRWFULL,Wall,Wall,StairW,StairS
TOP_WALLHORIZONTAL_SOUTHSTAIREFULL_SOUTHEASTSTAIRWFULL,Wall,Wall,StairW,StairE
TOP_WALLHORIZONTAL_SOUTHSTAIRWFULL_SOUTHEASTSTAIRWFULL,Wall,Wall,StairW,StairW
TOP_EMPTY,Wall,Door,Empty,Empty
TOP_EMPTY_SOUTHWALLCORNER,Wall,Door,Empty,Wall
TOP_EMPTY,Wall,Door,Empty,Door
TOP_EMPTY_SOUTHSTAIRN,Wall,Door,Empty,StairN
TOP_EMPTY,Wall,Door,Empty,StairS
TOP_EMPTY_SOUTHSTAIREFULL,Wall,Door,Empty,StairE
TOP_EMPTY_SOUTHSTAIRWFULL,Wall,Door,Empty,StairW
TOP_EMPTY,Wall,Door,Wall,Empty
TOP_WALLVERTICAL_SOUTHWALLHORIZONTAL,Wall,Door,Wall,Wall
TOP_EMPTY,Wall,Door,Wall,Door
TOP_WALLVERTICAL_SOUTHSTAIRNFULL,Wall,Door,Wall,StairN
TOP_EMPTY,Wall,Door,Wall,StairS
TOP_EMPTY_SOUTHSTAIREFULL,Wall,Door,Wall,StairE
TOP_EMPTY_SOUTHSTAIRWFULL,Wall,Door,Wall,StairW
TOP_EMPTY,Wall,Door,Door,Empty
TOP_EMPTY_SOUTHWALLCORNER,Wall,Door,Door,Wall
TOP_EMPTY,Wall,Door,Door,Door
TOP_EMPTY_SOUTHSTAIRN,Wall,Door,Door,StairN
TOP_EMPTY,Wall,Door,Door,StairS
TOP_EMPTY_SOUTHSTAIREFULL,Wall,Door,Door,StairE
TOP_EMPTY_SOUTHSTAIRWFULL,Wall,Door,Door,StairW
TOP_EMPTY,Wall,Door,StairN,Empty
TOP_WALLVERTICAL_SOUTHWALLCORNER_SOUTHEASTSTAIRN,Wall,Door,StairN,Wall
TOP_EMPTY,Wall,Door,StairN,Door
TOP_WALLVERTICAL_SOUTHSTAIRNFULL,Wall,Door,StairN,StairN
TOP_EMPTY,Wall,Door,StairN,StairS
TOP_EMPTY_SOUTHSTAIREFULL,Wall,Door,StairN,StairE
TOP_EMPTY_SOUTHSTAIRWFULL,Wall,Door,StairN,StairW
TOP_EMPTY,Wall,Door,StairS,Empty
TOP_EMPTY_SOUTHWALLCORNER,Wall,Door,StairS,Wall
TOP_EMPTY,Wall,Door,StairS,Door
TOP_EMPTY_SOUTHSTAIRN,Wall,Door,StairS,StairN
TOP_EMPTY,Wall,Door,StairS,StairS
TOP_EMPTY_SOUTHSTAIREFULL,Wall,Door,StairS,StairE
TOP_EMPTY_SOUTHSTAIRWFULL,Wall,Door,StairS,StairW
TOP_EMPTY,Wall,Door,StairE,Empty
TOP_EMPTY_SOUTHWALLCORNER,Wall,Door,StairE,Wall
TOP_EMPTY,Wall,Door,StairE,Door
TOP_EMPTY_SOUTHSTAIRN,Wall,Door,StairE,StairN
TOP_EMPTY,Wall,Door,StairE,StairS
TOP_EMPTY_SOUTHSTAIREFULL,Wall,Door,StairE,StairE
TOP_EMPTY_SOUTHSTAIRWFULL,Wall,Door,StairE,StairW
TOP_EMPTY_SOUTHEASTSTAIRW,Wall,Door,StairW,Empty
TOP_WALLVERTICAL_SOUTHWALLHORIZONTAL,Wall,Door,StairW,Wall
TOP_EMPTY_SOUTHEASTSTAIRW,Wall,Door,StairW,Door
TOP_WALLVERTICAL_SOUTHSTAIRN_SOUTHEASTSTAIRW,Wall,Door,StairW,StairN
TOP_EMPTY_SOUTHEASTSTAIRW,Wall,Door,StairW,StairS
TOP_EMPTY_SOUTHSTAIREFULL_SOUTHEASTSTAIRW,Wall,Door,StairW,StairE
TOP_EMPTY_SOUTHSTAIRWFULL_SOUTHEASTSTAIRW,Wall,Door,StairW,StairW
TOP_EMPTY,Wall,StairN,Empty,Empty
TOP_EMPTY_SOUTHWALLCORNER,Wall,StairN,Empty,Wall
TOP_EMPTY,Wall,StairN,Empty,Door
TOP_EMPTY_SOUTHSTAIRN,Wall,StairN,Empty,StairN
TOP_EMPTY,Wall,StairN,Empty,StairS
TOP_EMPTY_SOUTHSTAIREFULL,Wall,StairN,Empty,StairE
TOP_EMPTY_SOUTHSTAIRWFULL,Wall,StairN,Empty,StairW
TOP_EMPTY,Wall,StairN,Wall,Empty
TOP_WALLVERTICAL_SOUTHWALLHORIZONTAL,Wall,StairN,Wall,Wall
TOP_EMPTY,Wall,StairN,Wall,Door
TOP_WALLVERTICAL_SOUTHSTAIRNFULL,Wall,StairN,Wall,StairN
TOP_EMPTY,Wall,StairN,Wall,StairS
TOP_EMPTY_SOUTHSTAIREFULL,Wall,StairN,Wall,StairE
TOP_EMPTY_SOUTHSTAIRWFULL,Wall,StairN,Wall,StairW
TOP_EMPTY,Wall,StairN,Door,Empty
TOP_EMPTY_SOUTHWALLCORNER,Wall,StairN,Door,Wall
TOP_EMPTY,Wall,StairN,Door,Door
TOP_EMPTY_SOUTHSTAIRN,Wall,StairN,Door,StairN
TOP_EMPTY,Wall,StairN,Door,StairS
TOP_EMPTY_SOUTHSTAIREFULL,Wall,StairN,Door,StairE
TOP_EMPTY_SOUTHSTAIRWFULL,Wall,StairN,Door,StairW
TOP_EMPTY,Wall,StairN,StairN,Empty
TOP_WALLVERTICAL_SOUTHWALLCORNER_SOUTHEASTSTAIRN,Wall,StairN,StairN,Wall
TOP_EMPTY,Wall,StairN,StairN,Door
TOP_WALLVERTICAL_SOUTHSTAIRNFULL,Wall,StairN,StairN,StairN
TOP_EMPTY,Wall,StairN,StairN,StairS
TOP_EMPTY_SOUTHSTAIREFULL,Wall,StairN,StairN,StairE
TOP_EMPTY_SOUTHSTAIRWFULL,Wall,StairN,StairN,StairW
TOP_EMPTY,Wall,StairN,StairS,Empty
TOP_EMPTY_SOUTHWALLCORNER,Wall,StairN,StairS,Wall
TOP_EMPTY,Wall,StairN,StairS,Door
TOP_EMPTY_SOUTHSTAIRN,Wall,StairN,StairS,StairN
TOP_EMPTY,Wall,StairN,StairS,StairS
TOP_EMPTY_SOUTHSTAIREFULL,Wall,StairN,StairS,StairE
TOP_EMPTY_SOUTHSTAIRWFULL,Wall,StairN,StairS,StairW
TOP_EMPTY,Wall,StairN,StairE,Empty
TOP_EMPTY_SOUTHWALLCORNER,Wall,StairN,StairE,Wall
TOP_EMPTY,Wall,StairN,StairE,Door
TOP_EMPTY_SOUTHSTAIRN,Wall,StairN,StairE,StairN
TOP_EMPTY,Wall,StairN,StairE,StairS
TOP_EMPTY_SOUTHSTAIREFULL,Wall,StairN,StairE,StairE
TOP_EMPTY_SOUTHSTAIRWFULL,Wall,StairN,StairE,StairW
TOP_EMPTY_SOUTHEASTSTAIRW,Wall,StairN,StairW,Empty
TOP_WALLVERTICAL_SOUTHWALLHORIZONTAL,Wall,StairN,StairW,Wall
TOP_EMPTY_SOUTHEASTSTAIRW,Wall,StairN,StairW,Door
TOP_WALLVERTICAL_SOUTHSTAIRN_SOUTHEASTSTAIRW,Wall,StairN,StairW,StairN
TOP_EMPTY_SOUTHEASTSTAIRW,Wall,StairN,StairW,StairS
TOP_EMPTY_SOUTHSTAIREFULL_SOUTHEASTSTAIRW,Wall,StairN,StairW,StairE
TOP_EMPTY_SOUTHSTAIRWFULL_SOUTHEASTSTAIRW,Wall,StairN,StairW,StairW
TOP_EMPTY,Wall,StairS,Empty,Empty
TOP_EMPTY_SOUTHWALLCORNER,Wall,StairS,Empty,Wall
TOP_EMPTY,Wall,StairS,Empty,Door
TOP_EMPTY_SOUTHSTAIRN,Wall,StairS,Empty,StairN
TOP_EMPTY,Wall,StairS,Empty,StairS
TOP_EMPTY_SOUTHSTAIREFULL,Wall,StairS,Empty,StairE
TOP_EMPTY_SOUTHSTAIRWFULL,Wall,StairS,Empty,StairW
TOP_EMPTY,Wall,StairS,Wall,Empty
TOP_WALLVERTICAL_SOUTHWALLHORIZONTAL_EASTSTAIRSFULL,Wall,StairS,Wall,Wall
TOP_EMPTY,Wall,StairS,Wall,Door
TOP_WALLVERTICAL_SOUTHSTAIRNFULL_EASTSTAIRSFULL,Wall,StairS,Wall,StairN
TOP_EMPTY,Wall,StairS,Wall,StairS
TOP_EMPTY_SOUTHSTAIREFULL,Wall,StairS,Wall,StairE
TOP_EMPTY_SOUTHSTAIRWFULL,Wall,StairS,Wall,StairW
TOP_EMPTY,Wall,StairS,Door,Empty
TOP_EMPTY_SOUTHWALLCORNER,Wall,StairS,Door,Wall
TOP_EMPTY,Wall,StairS,Door,Door
TOP_EMPTY_SOUTHSTAIRN,Wall,StairS,Door,StairN
TOP_EMPTY,Wall,StairS,Door,StairS
TOP_EMPTY_SOUTHSTAIREFULL,Wall,StairS,Door,StairE
TOP_EMPTY_SOUTHSTAIRWFULL,Wall,StairS,Door,StairW
TOP_EMPTY,Wall,StairS,StairN,Empty
TOP_WALLVERTICAL_SOUTHWALLCORNER_SOUTHEASTSTAIRN_EASTSTAIRSFULL,Wall,StairS,StairN,Wall
TOP_EMPTY,Wall,StairS,StairN,Door
TOP_WALLVERTICAL_SOUTHSTAIRNFULL_EASTSTAIRSFULL,Wall,StairS,StairN,StairN
TOP_EMPTY,Wall,StairS,StairN,StairS
TOP_EMPTY_SOUTHSTAIREFULL,Wall,StairS,StairN,StairE
TOP_EMPTY_SOUTHSTAIRWFULL,Wall,StairS,StairN,StairW
TOP_EMPTY,Wall,StairS,StairS,Empty
TOP_EMPTY_SOUTHWALLCORNER,Wall,StairS,StairS,Wall
TOP_EMPTY,Wall,StairS,StairS,Door
TOP_EMPTY_SOUTHSTAIRN,Wall,StairS,StairS,StairN
TOP_EMPTY,Wall,StairS,StairS,StairS
TOP_EMPTY_SOUTHSTAIREFULL,Wall,StairS,StairS,StairE
TOP_EMPTY_SOUTHSTAIRWFULL,Wall,StairS,StairS,StairW
TOP_EMPTY,Wall,StairS,StairE,Empty
TOP_EMPTY_SOUTHWALLCORNER,Wall,StairS,StairE,Wall
TOP_EMPTY,Wall,StairS,StairE,Door
TOP_EMPTY_SOUTHSTAIRN,Wall,StairS,StairE,StairN
TOP_EMPTY,Wall,StairS,StairE,StairS
TOP_EMPTY_SOUTHSTAIREFULL,Wall,StairS,StairE,StairE
TOP_EMPTY_SOUTHSTAIRWFULL,Wall,StairS,StairE,StairW
TOP_EMPTY_SOUTHEASTSTAIRW_EASTSTAIRSFULL,Wall,StairS,StairW,Empty
TOP_WALLVERTICAL_SOUTHWALLHORIZONTAL_EASTSTAIRSFULL,Wall,StairS,StairW,Wall
TOP_EMPTY_SOUTHEASTSTAIRW_EASTSTAIRSFULL,Wall,StairS,StairW,Door
TOP_WALLVERTICAL_SOUTHSTAIRN_SOUTHEASTSTAIRW_EASTSTAIRSFULL,Wall,StairS,StairW,StairN
TOP_EMPTY_SOUTHEASTSTAIRW_EASTSTAIRSFULL,Wall,StairS,StairW,StairS
TOP_EMPTY_SOUTHSTAIREFULL_SOUTHEASTSTAIRW_EASTSTAIRSFULL,Wall,StairS,StairW,StairE
TOP_EMPTY_SOUTHSTAIRWFULL_SOUTHEASTSTAIRW_EASTSTAIRSFULL,Wall,StairS,StairW,StairW
TOP_EMPTY,Wall,StairE,Empty,Empty
TOP_EMPTY_SOUTHWALLCORNER,Wall,StairE,Empty,Wall
TOP_EMPTY,Wall,StairE,Empty,Door
TOP_EMPTY_SOUTHSTAIRN,Wall,StairE,Empty,StairN
TOP_EMPTY,Wall,StairE,Empty,StairS
TOP_EMPTY_SOUTHSTAIREFULL,Wall,StairE,Empty,StairE
TOP_EMPTY_SOUTHSTAIRWFULL,Wall,StairE,Empty,StairW
TOP_EMPTY,Wall,StairE,Wall,Empty
TOP_WALLVERTICAL_SOUTHWALLHORIZONTAL,Wall,StairE,Wall,Wall
TOP_EMPTY,Wall,StairE,Wall,Door
TOP_WALLVERTICAL_SOUTHSTAIRNFULL,Wall,StairE,Wall,StairN
TOP_EMPTY,Wall,StairE,Wall,StairS
TOP_EMPTY_SOUTHSTAIREFULL,Wall,StairE,Wall,StairE
TOP_EMPTY_SOUTHSTAIRWFULL,Wall,StairE,Wall,StairW
TOP_EMPTY,Wall,StairE,Door,Empty
TOP_EMPTY_SOUTHWALLCORNER,Wall,StairE,Door,Wall
TOP_EMPTY,Wall,StairE,Door,Door
TOP_EMPTY_SOUTHSTAIRN,Wall,StairE,Door,StairN
TOP_EMPTY,Wall,StairE,Door,StairS
TOP_EMPTY_SOUTHSTAIREFULL,Wall,StairE,Door,StairE
TOP_EMPTY_SOUTHSTAIRWFULL,Wall,StairE,Door,StairW
TOP_EMPTY,Wall,StairE,StairN,Empty
TOP_WALLVERTICAL_SOUTHWALLCORNER_SOUTHEASTSTAIRN,Wall,StairE,StairN,Wall
TOP_EMPTY,Wall,StairE,StairN,Door
TOP_WALLVERTICAL_SOUTHSTAIRNFULL,Wall,StairE,StairN,StairN
TOP_EMPTY,Wall,StairE,StairN,StairS
TOP_EMPTY_SOUTHSTAIREFULL,Wall,StairE,StairN,StairE
TOP_EMPTY_SOUTHSTAIRWFULL,Wall,StairE,StairN,StairW
TOP_EMPTY,Wall,StairE,StairS,Empty
TOP_EMPTY_SOUTHWALLCORNER,Wall,StairE,StairS,Wall
TOP_EMPTY,Wall,StairE,StairS,Door
TOP_EMPTY_SOUTHSTAIRN,Wall,StairE,StairS,StairN
TOP_EMPTY,Wall,StairE,StairS,StairS
TOP_EMPTY_SOUTHSTAIREFULL,Wall,StairE,StairS,StairE
TOP_EMPTY_SOUTHSTAIRWFULL,Wall,StairE,StairS,StairW
TOP_EMPTY,Wall,StairE,StairE,Empty
TOP_EMPTY_SOUTHWALLCORNER,Wall,StairE,StairE,Wall
TOP_EMPTY,Wall,StairE,StairE,Door
TOP_EMPTY_SOUTHSTAIRN,Wall,StairE,StairE,StairN
TOP_EMPTY,Wall,StairE,StairE,StairS
TOP_EMPTY_SOUTHSTAIREFULL,Wall,StairE,StairE,StairE
TOP_EMPTY_SOUTHSTAIRWFULL,Wall,StairE,StairE,StairW
TOP_EMPTY_SOUTHEASTSTAIRW,Wall,StairE,StairW,Empty
TOP_WALLVERTICAL_SOUTHWALLHORIZONTAL,Wall,StairE,StairW,Wall
TOP_EMPTY_SOUTHEASTSTAIRW,Wall,StairE,StairW,Door
TOP_WALLVERTICAL_SOUTHSTAIRN_SOUTHEASTSTAIRW,Wall,StairE,StairW,StairN
TOP_EMPTY_SOUTHEASTSTAIRW,Wall,StairE,StairW,StairS
TOP_EMPTY_SOUTHSTAIREFULL_SOUTHEASTSTAIRW,Wall,StairE,StairW,StairE
TOP_EMPTY_SOUTHSTAIRWFULL_SOUTHEASTSTAIRW,Wall,StairE,StairW,StairW
TOP_EMPTY,Wall,StairW,Empty,Empty
TOP_EMPTY_SOUTHWALLCORNER,Wall,StairW,Empty,Wall
TOP_EMPTY,Wall,StairW,Empty,Door
TOP_EMPTY_SOUTHSTAIRN,Wall,StairW,Empty,StairN
TOP_EMPTY,Wall,StairW,Empty,StairS
TOP_EMPTY_SOUTHSTAIREFULL,Wall,StairW,Empty,StairE
TOP_EMPTY_SOUTHSTAIRWFULL,Wall,StairW,Empty,StairW
TOP_WALLHORIZONTAL_SOUTHEASTSTAIRWFULL,Wall,StairW,Wall,Empty
TOP_WALLFULL,Wall,StairW,Wall,Wall
TOP_WALLHORIZONTAL_SOUTHEASTSTAIRWFULL,Wall,StairW,Wall,Door
TOP_WALLINVERSECORNER_SOUTHSTAIRN_SOUTHEASTSTAIRWFULL,Wall,StairW,Wall,StairN
TOP_WALLHORIZONTAL_SOUTHEASTSTAIRWFULL,Wall,StairW,Wall,StairS
TOP_WALLHORIZONTAL_SOUTHSTAIREFULL_SOUTHEASTSTAIRWFULL,Wall,StairW,Wall,StairE
TOP_WALLHORIZONTAL_SOUTHSTAIRWFULL_SOUTHEASTSTAIRWFULL,Wall,StairW,Wall,StairW
TOP_EMPTY,Wall,StairW,Door,Empty
TOP_EMPTY_SOUTHWALLCORNER,Wall,StairW,Door,Wall
TOP_EMPTY,Wall,StairW,Door,Door
TOP_EMPTY_SOUTHSTAIRN,Wall,StairW,Door,StairN
TOP_EMPTY,Wall,StairW,Door,StairS
TOP_EMPTY_SOUTHSTAIREFULL,Wall,StairW,Door,StairE
TOP_EMPTY_SOUTHSTAIRWFULL,Wall,StairW,Door,StairW
TOP_EMPTY,Wall,StairW,StairN,Empty
TOP_WALLINVERSECORNER_SOUTHWALLCORNER_SOUTHEASTSTAIRN,Wall,StairW,StairN,Wall
TOP_EMPTY,Wall,StairW,StairN,Door
TOP_WALLFULL_SOUTHSTAIRNFULL,Wall,StairW,StairN,StairN
TOP_EMPTY,Wall,StairW,StairN,StairS
TOP_EMPTY_SOUTHSTAIREFULL,Wall,StairW,StairN,StairE
TOP_EMPTY_SOUTHSTAIRWFULL,Wall,StairW,StairN,StairW
TOP_EMPTY,Wall,StairW,StairS,Empty
TOP_EMPTY_SOUTHWALLCORNER,Wall,StairW,StairS,Wall
TOP_EMPTY,Wall,StairW,StairS,Door
TOP_EMPTY_SOUTHSTAIRN,Wall,StairW,StairS,StairN
TOP_EMPTY,Wall,StairW,StairS,StairS
TOP_EMPTY_SOUTHSTAIREFULL,Wall,StairW,StairS,StairE
TOP_EMPTY_SOUTHSTAIRWFULL,Wall,StairW,StairS,StairW
TOP_EMPTY,Wall,StairW,StairE,Empty
TOP_EMPTY_SOUTHWALLCORNER,Wall,StairW,StairE,Wall
TOP_EMPTY,Wall,StairW,StairE,Door
TOP_EMPTY_SOUTHSTAIRN,Wall,StairW,StairE,StairN
TOP_EMPTY,Wall,StairW,StairE,StairS
TOP_EMPTY_SOUTHSTAIREFULL,Wall,StairW,StairE,StairE
TOP_EMPTY_SOUTHSTAIRWFULL,Wall,StairW,StairE,StairW
TOP_WALLHORIZONTAL_SOUTHEASTSTAIRWFULL,Wall,StairW,StairW,Empty
TOP_WALLFULL,Wall,StairW,StairW,Wall
TOP_WALLHORIZONTAL_SOUTHEASTSTAIRWFULL,Wall,StairW,StairW,Door
TOP_WALLINVERSECORNER_SOUTHSTAIRN_SOUTHEASTSTAIRWFULL,Wall,StairW,StairW,StairN
TOP_WALLHORIZONTAL_SOUTHEASTSTAIRWFULL,Wall,StairW,StairW,StairS
TOP_WALLHORIZONTAL_SOUTHSTAIREFULL_SOUTHEASTSTAIRWFULL,Wall,StairW,StairW,StairE
TOP_WALLHORIZONTAL_SOUTHSTAIRWFULL_SOUTHEASTSTAIRWFULL,Wall,StairW,StairW,StairW
TOP_EMPTY,Door,Empty,Empty,Empty
TOP_DOOR_SOUTHWALLCORNER,Door,Empty,Empty,Wall
TOP_EMPTY,Door,Empty,Empty,Door
TOP_EMPTY_SOUTHSTAIRN,Door,Empty,Empty,StairN
TOP_EMPTY,Door,Empty,Empty,StairS
TOP_EMPTY_SOUTHSTAIRE,Door,Empty,Empty,StairE
TOP_EMPTY_SOUTHSTAIRW,Door,Empty,Empty,StairW
TOP_EMPTY,Door,Empty,Wall,Empty
TOP_DOOR_SOUTHWALLHORIZONTAL,Door,Empty,Wall,Wall
TOP_EMPTY,Door,Empty,Wall,Door
TOP_EMPTY_SOUTHSTAIRNFULL,Door,Empty,Wall,StairN
TOP_EMPTY,Door,Empty,Wall,StairS
TOP_EMPTY_SOUTHSTAIRE,Door,Empty,Wall,StairE
TOP_EMPTY_SOUTHSTAIRW,Door,Empty,Wall,StairW
TOP_EMPTY,Door,Empty,Door,Empty
TOP_DOOR_SOUTHWALLCORNER,Door,Empty,Door,Wall
TOP_EMPTY,Door,Empty,Door,Door
TOP_EMPTY_SOUTHSTAIRN,Door,Empty,Door,StairN
TOP_EMPTY,Door,Empty,Door,StairS
TOP_EMPTY_SOUTHSTAIRE,Door,Empty,Door,StairE
TOP_EMPTY_SOUTHSTAIRW,Door,Empty,Door,StairW
TOP_EMPTY,Door,Empty,StairN,Empty
TOP_DOOR_SOUTHWALLCORNER_SOUTHEASTSTAIRN,Door,Empty,StairN,Wall
TOP_EMPTY,Door,Empty,StairN,Door
TOP_EMPTY_SOUTHSTAIRNFULL,Door,Empty,StairN,StairN
TOP_EMPTY,Door,Empty,StairN,StairS
TOP_EMPTY_SOUTHSTAIRE,Door,Empty,StairN,StairE
TOP_EMPTY_SOUTHSTAIRW,Door,Empty,StairN,StairW
TOP_EMPTY,Door,Empty,StairS,Empty
TOP_DOOR_SOUTHWALLCORNER,Door,Empty,StairS,Wall
TOP_EMPTY,Door,Empty,StairS,Door
TOP_EMPTY_SOUTHSTAIRN,Door,Empty,StairS,StairN
TOP_EMPTY,Door,Empty,StairS,StairS
TOP_EMPTY_SOUTHSTAIRE,Door,Empty,StairS,StairE
TOP_EMPTY_SOUTHSTAIRW,Door,Empty,StairS,StairW
TOP_EMPTY,Door,Empty,StairE,Empty
TOP_DOOR_SOUTHWALLCORNER,Door,Empty,StairE,Wall
TOP_EMPTY,Door,Empty,StairE,Door
TOP_EMPTY_SOUTHSTAIRN,Door,Empty,StairE,StairN
TOP_EMPTY,Door,Empty,StairE,StairS
TOP_EMPTY_SOUTHSTAIRE,Door,Empty,StairE,StairE
TOP_EMPTY_SOUTHSTAIRW,Door,Empty,StairE,StairW
TOP_EMPTY_SOUTHEASTSTAIRW,Door,Empty,StairW,Empty
TOP_DOOR_SOUTHWALLHORIZONTAL,Door,Empty,StairW,Wall
TOP_EMPTY_SOUTHEASTSTAIRW,Door,Empty,StairW,Door
TOP_EMPTY_SOUTHSTAIRN_SOUTHEASTSTAIRW,Door,Empty,StairW,StairN
TOP_EMPTY_SOUTHEASTSTAIRW,Door,Empty,StairW,StairS
TOP_EMPTY_SOUTHSTAIRE_SOUTHEASTSTAIRW,Door,Empty,StairW,StairE
TOP_EMPTY_SOUTHSTAIRW_SOUTHEASTSTAIRW,Door,Empty,StairW,StairW
TOP_EMPTY,Door,Wall,Empty,Empty
TOP_EMPTY_SOUTHWALLCORNER,Door,Wall,Empty,Wall
TOP_EMPTY,Door,Wall,Empty,Door
TOP_EMPTY_SOUTHSTAIRN,Door,Wall,Empty,StairN
TOP_EMPTY,Door,Wall,Empty,StairS
TOP_EMPTY_SOUTHSTAIRE,Door,Wall,Empty,StairE
TOP_EMPTY_SOUTHSTAIRW,Door,Wall,Empty,StairW
TOP_EMPTY,Door,Wall,Wall,Empty
TOP_EMPTY_SOUTHWALLHORIZONTAL,Door,Wall,Wall,Wall
TOP_EMPTY,Door,Wall,Wall,Door
TOP_EMPTY_SOUTHSTAIRNFULL,Door,Wall,Wall,StairN
TOP_EMPTY,Door,Wall,Wall,StairS
TOP_EMPTY_SOUTHSTAIRE,Door,Wall,Wall,StairE
TOP_EMPTY_SOUTHSTAIRW,Door,Wall,Wall,StairW
TOP_EMPTY,Door,Wall,Door,Empty
TOP_EMPTY_SOUTHWALLCORNER,Door,Wall,Door,Wall
TOP_EMPTY,Door,Wall,Door,Door
TOP_EMPTY_SOUTHSTAIRN,Door,Wall,Door,StairN
TOP_EMPTY,Door,Wall,Door,StairS
TOP_EMPTY_SOUTHSTAIRE,Door,Wall,Door,StairE
TOP_EMPTY_SOUTHSTAIRW,Door,Wall,Door,StairW
TOP_EMPTY,Door,Wall,StairN,Empty
TOP_EMPTY_SOUTHWALLCORNER_SOUTHEASTSTAIRN,Door,Wall,StairN,Wall
TOP_EMPTY,Door,Wall,StairN,Door
TOP_EMPTY_SOUTHSTAIRNFULL,Door,Wall,StairN,StairN
TOP_EMPTY,Door,Wall,StairN,StairS
TOP_EMPTY_SOUTHSTAIRE,Door,Wall,StairN,StairE
TOP_EMPTY_SOUTHSTAIRW,Door,Wall,StairN,StairW
TOP_EMPTY,Door,Wall,StairS,Empty
TOP_EMPTY_SOUTHWALLCORNER,Door,Wall,StairS,Wall
TOP_EMPTY,Door,Wall,StairS,Door
TOP_EMPTY_SOUTHSTAIRN,Door,Wall,StairS,StairN
TOP_EMPTY,Door,Wall,StairS,StairS
TOP_EMPTY_SOUTHSTAIRE,Door,Wall,StairS,StairE
TOP_EMPTY_SOUTHSTAIRW,Door,Wall,StairS,StairW
TOP_EMPTY,Door,Wall,StairE,Empty
TOP_EMPTY_SOUTHWALLCORNER,Door,Wall,StairE,Wall
TOP_EMPTY,Door,Wall,StairE,Door
TOP_EMPTY_SOUTHSTAIRN,Door,Wall,StairE,StairN
TOP_EMPTY,Door,Wall,StairE,StairS
TOP_EMPTY_SOUTHSTAIRE,Door,Wall,StairE,StairE
TOP_EMPTY_SOUTHSTAIRW,Door,Wall,StairE,StairW
TOP_EMPTY_SOUTHEASTSTAIRWFULL,Door,Wall,StairW,Empty
TOP_EMPTY_SOUTHWALLHORIZONTAL_SOUTHEASTSTAIRWFULL,Door,Wall,StairW,Wall
TOP_EMPTY_SOUTHEASTSTAIRWFULL,Door,Wall,StairW,Door
TOP_EMPTY_SOUTHSTAIRN_SOUTHEASTSTAIRWFULL,Door,Wall,StairW,StairN
TOP_EMPTY_SOUTHEASTSTAIRWFULL,Door,Wall,StairW,StairS
TOP_EMPTY_SOUTHSTAIRE_SOUTHEASTSTAIRWFULL,Door,Wall,StairW,StairE
TOP_EMPTY_SOUTHSTAIRW_SOUTHEASTSTAIRWFULL,Door,Wall,StairW,StairW
TOP_EMPTY,Door,Door,Empty,Empty
TOP_DOOR_SOUTHWALLCORNER,Door,Door,Empty,Wall
TOP_EMPTY,Door,Door,Empty,Door
TOP_EMPTY_SOUTHSTAIRN,Door,Door,Empty,StairN
TOP_EMPTY,Door,Door,Empty,StairS
TOP_EMPTY_SOUTHSTAIRE,Door,Door,Empty,StairE
TOP_EMPTY_SOUTHSTAIRW,Door,Door,Empty,StairW
TOP_EMPTY,Door,Door,Wall,Empty
TOP_DOOR_SOUTHWALLHORIZONTAL,Door,Door,Wall,Wall
TOP_EMPTY,Door,Door,Wall,Door
TOP_EMPTY_SOUTHSTAIRNFULL,Door,Door,Wall,StairN
TOP_EMPTY,Door,Door,Wall,StairS
TOP_EMPTY_SOUTHSTAIRE,Door,Door,Wall,StairE
TOP_EMPTY_SOUTHSTAIRW,Door,Door,Wall,StairW
TOP_EMPTY,Door,Door,Door,Empty
TOP_DOOR_SOUTHWALLCORNER,Door,Door,Door,Wall
TOP_EMPTY,Door,Door,Door,Door
TOP_EMPTY_SOUTHSTAIRN,Door,Door,Door,StairN
TOP_EMPTY,Door,Door,Door,StairS
TOP_EMPTY_SOUTHSTAIRE,Door,Door,Door,StairE
TOP_EMPTY_SOUTHSTAIRW,Door,Door,Door,StairW
TOP_EMPTY,Door,Door,StairN,Empty
TOP_DOOR_SOUTHWALLCORNER_SOUTHEASTSTAIRN,Door,Door,StairN,Wall
TOP_EMPTY,Door,Door,StairN,Door
TOP_EMPTY_SOUTHSTAIRNFULL,Door,Door,StairN,StairN
TOP_EMPTY,Door,Door,StairN,StairS
TOP_EMPTY_SOUTHSTAIRE,Door,Door,StairN,StairE
TOP_EMPTY_SOUTHSTAIRW,Door,Door,StairN,StairW
TOP_EMPTY,Door,Door,StairS,Empty
TOP_DOOR_SOUTHWALLCORNER,Door,Door,StairS,Wall
TOP_EMPTY,Door,Door,StairS,Door
TOP_EMPTY_SOUTHSTAIRN,Door,Door,StairS,StairN
TOP_EMPTY,Door,Door,StairS,StairS
TOP_EMPTY_SOUTHSTAIRE,Door,Door,StairS,StairE
TOP_EMPTY_SOUTHSTAIRW,Door,Door,StairS,StairW
TOP_EMPTY,Door,Door,StairE,Empty
TOP_DOOR_SOUTHWALLCORNER,Door,Door,StairE,Wall
TOP_EMPTY,Door,Door,StairE,Door
TOP_EMPTY_SOUTHSTAIRN,Door,Door,StairE,StairN
TOP_EMPTY,Door,Door,StairE,StairS
TOP_EMPTY_SOUTHSTAIRE,Door,Door,StairE,StairE
TOP_EMPTY_SOUTHSTAIRW,Door,Door,StairE,StairW
TOP_EMPTY_SOUTHEASTSTAIRW,Door,Door,StairW,Empty
TOP_DOOR_SOUTHWALLHORIZONTAL,Door,Door,StairW,Wall
TOP_EMPTY_SOUTHEASTSTAIRW,Door,Door,StairW,Door
TOP_EMPTY_SOUTHSTAIRN_SOUTHEASTSTAIRW,Door,Door,StairW,StairN
TOP_EMPTY_SOUTHEASTSTAIRW,Door,Door,StairW,StairS
TOP_EMPTY_SOUTHSTAIRE_SOUTHEASTSTAIRW,Door,Door,StairW,StairE
TOP_EMPTY_SOUTHSTAIRW_SOUTHEASTSTAIRW,Door,Door,StairW,StairW
TOP_EMPTY,Door,StairN,Empty,Empty
TOP_DOOR_SOUTHWALLCORNER,Door,StairN,Empty,Wall
TOP_EMPTY,Door,StairN,Empty,Door
TOP_EMPTY_SOUTHSTAIRN,Door,StairN,Empty,StairN
TOP_EMPTY,Door,StairN,Empty,StairS
TOP_EMPTY_SOUTHSTAIRE,Door,StairN,Empty,StairE
TOP_EMPTY_SOUTHSTAIRW,Door,StairN,Empty,StairW
TOP_EMPTY,Door,StairN,Wall,Empty
TOP_DOOR_SOUTHWALLHORIZONTAL,Door,StairN,Wall,Wall
TOP_EMPTY,Door,StairN,Wall,Door
TOP_EMPTY_SOUTHSTAIRNFULL,Door,StairN,Wall,StairN
TOP_EMPTY,Door,StairN,Wall,StairS
TOP_EMPTY_SOUTHSTAIRE,Door,StairN,Wall,StairE
TOP_EMPTY_SOUTHSTAIRW,Door,StairN,Wall,StairW
TOP_EMPTY,Door,StairN,Door,Empty
TOP_DOOR_SOUTHWALLCORNER,Door,StairN,Door,Wall
TOP_EMPTY,Door,StairN,Door,Door
TOP_EMPTY_SOUTHSTAIRN,Door,StairN,Door,StairN
TOP_EMPTY,Door,StairN,Door,StairS
TOP_EMPTY_SOUTHSTAIRE,Door,StairN,Door,StairE
TOP_EMPTY_SOUTHSTAIRW,Door,StairN,Door,StairW
TOP_EMPTY,Door,StairN,StairN,Empty
TOP_DOOR_SOUTHWALLCORNER_SOUTHEASTSTAIRN,Door,StairN,StairN,Wall
TOP_EMPTY,Door,StairN,StairN,Door
TOP_EMPTY_SOUTHSTAIRNFULL,Door,StairN,StairN,StairN
TOP_EMPTY,Door,StairN,StairN,StairS
TOP_EMPTY_SOUTHSTAIRE,Door,StairN,StairN,StairE
TOP_EMPTY_SOUTHSTAIRW,Door,StairN,StairN,StairW
TOP_EMPTY,Door,StairN,StairS,Empty
TOP_DOOR_SOUTHWALLCORNER,Door,StairN,StairS,Wall
TOP_EMPTY,Door,StairN,StairS,Door
TOP_EMPTY_SOUTHSTAIRN,Door,StairN,StairS,StairN
TOP_EMPTY,Door,StairN,StairS,StairS
TOP_EMPTY_SOUTHSTAIRE,Door,StairN,StairS,StairE
TOP_EMPTY_SOUTHSTAIRW,Door,StairN,StairS,StairW
TOP_EMPTY,Door,StairN,StairE,Empty
TOP_DOOR_SOUTHWALLCORNER,Door,StairN,StairE,Wall
TOP_EMPTY,Door,StairN,StairE,Door
TOP_EMPTY_SOUTHSTAIRN,Door,StairN,StairE,StairN
TOP_EMPTY,Door,StairN,StairE,StairS
TOP_EMPTY_SOUTHSTAIRE,Door,StairN,StairE,StairE
TOP_EMPTY_SOUTHSTAIRW,Door,StairN,StairE,StairW
TOP_EMPTY_SOUTHEASTSTAIRW,Door,StairN,StairW,Empty
TOP_DOOR_SOUTHWALLHORIZONTAL,Door,StairN,StairW,Wall
TOP_EMPTY_SOUTHEASTSTAIRW,Door,StairN,StairW,Door
TOP_EMPTY_SOUTHSTAIRN_SOUTHEASTSTAIRW,Door,StairN,StairW,StairN
TOP_EMPTY_SOUTHEASTSTAIRW,Door,StairN,StairW,StairS
TOP_EMPTY_SOUTHSTAIRE_SOUTHEASTSTAIRW,Door,StairN,StairW,StairE
TOP_EMPTY_SOUTHSTAIRW_SOUTHEASTSTAIRW,Door,StairN,StairW,StairW
TOP_EMPTY,Door,StairS,Empty,Empty
TOP_DOOR_SOUTHWALLCORNER,Door,StairS,Empty,Wall
TOP_EMPTY,Door,StairS,Empty,Door
TOP_EMPTY_SOUTHSTAIRN,Door,StairS,Empty,StairN
TOP_EMPTY,Door,StairS,Empty,StairS
TOP_EMPTY_SOUTHSTAIRE,Door,StairS,Empty,StairE
TOP_EMPTY_SOUTHSTAIRW,Door,StairS,Empty,StairW
TOP_EMPTY,Door,StairS,Wall,Empty
TOP_DOOR_SOUTHWALLHORIZONTAL,Door,StairS,Wall,Wall
TOP_EMPTY,Door,StairS,Wall,Door
TOP_EMPTY_SOUTHSTAIRNFULL,Door,StairS,Wall,StairN
TOP_EMPTY,Door,StairS,Wall,StairS
TOP_EMPTY_SOUTHSTAIRE,Door,StairS,Wall,StairE
TOP_EMPTY_SOUTHSTAIRW,Door,StairS,Wall,StairW
TOP_EMPTY,Door,StairS,Door,Empty
TOP_DOOR_SOUTHWALLCORNER,Door,StairS,Door,Wall
TOP_EMPTY,Door,StairS,Door,Door
TOP_EMPTY_SOUTHSTAIRN,Door,StairS,Door,StairN
TOP_EMPTY,Door,StairS,Door,StairS
TOP_EMPTY_SOUTHSTAIRE,Door,StairS,Door,StairE
TOP_EMPTY_SOUTHSTAIRW,Door,StairS,Door,StairW
TOP_EMPTY,Door,StairS,StairN,Empty
TOP_DOOR_SOUTHWALLCORNER_SOUTHEASTSTAIRN,Door,StairS,StairN,Wall
TOP_EMPTY,Door,StairS,StairN,Door
TOP_EMPTY_SOUTHSTAIRNFULL,Door,StairS,StairN,StairN
TOP_EMPTY,Door,StairS,StairN,StairS
TOP_EMPTY_SOUTHSTAIRE,Door,StairS,StairN,StairE
TOP_EMPTY_SOUTHSTAIRW,Door,StairS,StairN,StairW
TOP_EMPTY,Door,StairS,StairS,Empty
TOP_DOOR_SOUTHWALLCORNER,Door,StairS,StairS,Wall
TOP_EMPTY,Door,StairS,StairS,Door
TOP_EMPTY_SOUTHSTAIRN,Door,StairS,StairS,StairN
TOP_EMPTY,Door,StairS,StairS,StairS
TOP_EMPTY_SOUTHSTAIRE,Door,StairS,StairS,StairE
TOP_EMPTY_SOUTHSTAIRW,Door,StairS,StairS,StairW
TOP_EMPTY,Door,StairS,StairE,Empty
TOP_DOOR_SOUTHWALLCORNER,Door,StairS,StairE,Wall
TOP_EMPTY,Door,StairS,StairE,Door
TOP_EMPTY_SOUTHSTAIRN,Door,StairS,StairE,StairN
TOP_EMPTY,Door,StairS,StairE,StairS
TOP_EMPTY_SOUTHSTAIRE,Door,StairS,StairE,StairE
TOP_EMPTY_SOUTHSTAIRW,Door,StairS,StairE,StairW
TOP_EMPTY_SOUTHEASTSTAIRW,Door,StairS,StairW,Empty
TOP_DOOR_SOUTHWALLHORIZONTAL,Door,StairS,StairW,Wall
TOP_EMPTY_SOUTHEASTSTAIRW,Door,StairS,StairW,Door
TOP_EMPTY_SOUTHSTAIRN_SOUTHEASTSTAIRW,Door,StairS,StairW,StairN
TOP_EMPTY_SOUTHEASTSTAIRW,Door,StairS,StairW,StairS
TOP_EMPTY_SOUTHSTAIRE_SOUTHEASTSTAIRW,Door,StairS,StairW,StairE
TOP_EMPTY_SOUTHSTAIRW_SOUTHEASTSTAIRW,Door,StairS,StairW,StairW
TOP_EMPTY,Door,StairE,Empty,Empty
TOP_DOOR_SOUTHWALLCORNER,Door,StairE,Empty,Wall
TOP_EMPTY,Door,StairE,Empty,Door
TOP_EMPTY_SOUTHSTAIRN,Door,StairE,Empty,StairN
TOP_EMPTY,Door,StairE,Empty,StairS
TOP_EMPTY_SOUTHSTAIRE,Door,StairE,Empty,StairE
TOP_EMPTY_SOUTHSTAIRW,Door,StairE,Empty,StairW
TOP_EMPTY,Door,StairE,Wall,Empty
TOP_DOOR_SOUTHWALLHORIZONTAL,Door,StairE,Wall,Wall
TOP_EMPTY,Door,StairE,Wall,Door
TOP_EMPTY_SOUTHSTAIRNFULL,Door,StairE,Wall,StairN
TOP_EMPTY,Door,StairE,Wall,StairS
TOP_EMPTY_SOUTHSTAIRE,Door,StairE,Wall,StairE
TOP_EMPTY_SOUTHSTAIRW,Door,StairE,Wall,StairW
TOP_EMPTY,Door,StairE,Door,Empty
TOP_DOOR_SOUTHWALLCORNER,Door,StairE,Door,Wall
TOP_EMPTY,Door,StairE,Door,Door
TOP_EMPTY_SOUTHSTAIRN,Door,StairE,Door,StairN
TOP_EMPTY,Door,StairE,Door,StairS
TOP_EMPTY_SOUTHSTAIRE,Door,StairE,Door,StairE
TOP_EMPTY_SOUTHSTAIRW,Door,StairE,Door,StairW
TOP_EMPTY,Door,StairE,StairN,Empty
TOP_DOOR_SOUTHWALLCORNER_SOUTHEASTSTAIRN,Door,StairE,StairN,Wall
TOP_EMPTY,Door,StairE,StairN,Door
TOP_EMPTY_SOUTHSTAIRNFULL,Door,StairE,StairN,StairN
TOP_EMPTY,Door,StairE,StairN,StairS
TOP_EMPTY_SOUTHSTAIRE,Door,StairE,StairN,StairE
TOP_EMPTY_SOUTHSTAIRW,Door,StairE,StairN,StairW
TOP_EMPTY,Door,StairE,StairS,Empty
TOP_DOOR_SOUTHWALLCORNER,Door,StairE,StairS,Wall
TOP_EMPTY,Door,StairE,StairS,Door
TOP_EMPTY_SOUTHSTAIRN,Door,StairE,StairS,StairN
TOP_EMPTY,Door,StairE,StairS,StairS
TOP_EMPTY_SOUTHSTAIRE,Door,StairE,StairS,StairE
TOP_EMPTY_SOUTHSTAIRW,Door,StairE,StairS,StairW
TOP_EMPTY,Door,StairE,StairE,Empty
TOP_DOOR_SOUTHWALLCORNER,Door,StairE,StairE,Wall
TOP_EMPTY,Door,StairE,StairE,Door
TOP_EMPTY_SOUTHSTAIRN,Door,StairE,StairE,StairN
TOP_EMPTY,Door,StairE,StairE,StairS
TOP_EMPTY_SOUTHSTAIRE,Door,StairE,StairE,StairE
TOP_EMPTY_SOUTHSTAIRW,Door,StairE,StairE,StairW
TOP_EMPTY_SOUTHEASTSTAIRW,Door,StairE,StairW,Empty
TOP_DOOR_SOUTHWALLHORIZONTAL,Door,StairE,StairW,Wall
TOP_EMPTY_SOUTHEASTSTAIRW,Door,StairE,StairW,Door
TOP_EMPTY_SOUTHSTAIRN_SOUTHEASTSTAIRW,Door,StairE,StairW,StairN
TOP_EMPTY_SOUTHEASTSTAIRW,Door,StairE,StairW,StairS
TOP_EMPTY_SOUTHSTAIRE_SOUTHEASTSTAIRW,Door,StairE,StairW,StairE
TOP_EMPTY_SOUTHSTAIRW_SOUTHEASTSTAIRW,Door,StairE,StairW,StairW
TOP_EMPTY_EASTSTAIRW,Door,StairW,Empty,Empty
TOP_DOOR_SOUTHWALLCORNER_EASTSTAIRW,Door,StairW,Empty,Wall
TOP_EMPTY_EASTSTAIRW,Door,StairW,Empty,Door
TOP_EMPTY_SOUTHSTAIRN_EASTSTAIRW,Door,StairW,Empty,StairN
TOP_EMPTY_EASTSTAIRW,Door,StairW,Empty,StairS
TOP_EMPTY_SOUTHSTAIRE_EASTSTAIRW,Door,StairW,Empty,StairE
TOP_EMPTY_SOUTHSTAIRW_EASTSTAIRW,Door,StairW,Empty,StairW
TOP_EMPTY_EASTSTAIRWFULL,Door,StairW,Wall,Empty
TOP_DOOR_SOUTHWALLHORIZONTAL_EASTSTAIRWFULL,Door,StairW,Wall,Wall
TOP_EMPTY_EASTSTAIRWFULL,Door,StairW,Wall,Door
TOP_EMPTY_SOUTHSTAIRNFULL_EASTSTAIRWFULL,Door,StairW,Wall,StairN
TOP_EMPTY_EASTSTAIRWFULL,Door,StairW,Wall,StairS
TOP_EMPTY_SOUTHSTAIRE_EASTSTAIRWFULL,Door,StairW,Wall,StairE
TOP_EMPTY_SOUTHSTAIRW_EASTSTAIRWFULL,Door,StairW,Wall,StairW
TOP_EMPTY_EASTSTAIRW,Door,StairW,Door,Empty
TOP_DOOR_SOUTHWALLCORNER_EASTSTAIRW,Door,StairW,Door,Wall
TOP_EMPTY_EASTSTAIRW,Door,StairW,Door,Door
TOP_EMPTY_SOUTHSTAIRN_EASTSTAIRW,Door,StairW,Door,StairN
TOP_EMPTY_EASTSTAIRW,Door,StairW,Door,StairS
TOP_EMPTY_SOUTHSTAIRE_EASTSTAIRW,Door,StairW,Door,StairE
TOP_EMPTY_SOUTHSTAIRW_EASTSTAIRW,Door,StairW,Door,StairW
TOP_EMPTY_EASTSTAIRW,Door,StairW,StairN,Empty
TOP_DOOR_SOUTHWALLCORNER_SOUTHEASTSTAIRN_EASTSTAIRW,Door,StairW,StairN,Wall
TOP_EMPTY_EASTSTAIRW,Door,StairW,StairN,Door
TOP_EMPTY_SOUTHSTAIRNFULL_SOUTHEASTSTAIRN_EASTSTAIRW,Door,StairW,StairN,StairN
TOP_EMPTY_EASTSTAIRW,Door,StairW,StairN,StairS
TOP_EMPTY_SOUTHSTAIRE_EASTSTAIRW,Door,StairW,StairN,StairE
TOP_EMPTY_SOUTHSTAIRW_EASTSTAIRW,Door,StairW,StairN,StairW
TOP_EMPTY_EASTSTAIRW,Door,StairW,StairS,Empty
TOP_DOOR_SOUTHWALLCORNER_EASTSTAIRW,Door,StairW,StairS,Wall
TOP_EMPTY_EASTSTAIRW,Door,StairW,StairS,Door
TOP_EMPTY_SOUTHSTAIRN_EASTSTAIRW,Door,StairW,StairS,StairN
TOP_EMPTY_EASTSTAIRW,Door,StairW,StairS,StairS
TOP_EMPTY_SOUTHSTAIRE_EASTSTAIRW,Door,StairW,StairS,StairE
TOP_EMPTY_SOUTHSTAIRW_EASTSTAIRW,Door,StairW,StairS,StairW
TOP_EMPTY_EASTSTAIRW,Door,StairW,StairE,Empty
TOP_DOOR_SOUTHWALLCORNER_EASTSTAIRW,Door,StairW,StairE,Wall
TOP_EMPTY_EASTSTAIRW,Door,StairW,StairE,Door
TOP_EMPTY_SOUTHSTAIRN_EASTSTAIRW,Door,StairW,StairE,StairN
TOP_EMPTY_EASTSTAIRW,Door,StairW,StairE,StairS
TOP_EMPTY_SOUTHSTAIRE_EASTSTAIRW,Door,StairW,StairE,StairE
TOP_EMPTY_SOUTHSTAIRW_EASTSTAIRW,Door,StairW,StairE,StairW
TOP_EMPTY_EASTSTAIRWFULL,Door,StairW,StairW,Empty
TOP_DOOR_SOUTHWALLHORIZONTAL_EASTSTAIRWFULL,Door,StairW,StairW,Wall
TOP_EMPTY_EASTSTAIRWFULL,Door,StairW,StairW,Door
TOP_EMPTY_SOUTHSTAIRNFULL_EASTSTAIRWFULL,Door,StairW,StairW,StairN
TOP_EMPTY_EASTSTAIRWFULL,Door,StairW,StairW,StairS
TOP_EMPTY_SOUTHSTAIRE_EASTSTAIRWFULL,Door,StairW,StairW,StairE
TOP_EMPTY_SOUTHSTAIRW_EASTSTAIRWFULL,Door,StairW,StairW,StairW
TOP_EMPTY,StairN,Empty,Empty,Empty
TOP_EMPTY_SOUTHWALLCORNER,StairN,Empty,Empty,Wall
TOP_EMPTY,StairN,Empty,Empty,Door
TOP_EMPTY_SOUTHSTAIRN,StairN,Empty,Empty,StairN
TOP_EMPTY,StairN,Empty,Empty,StairS
TOP_EMPTY_SOUTHSTAIRE,StairN,Empty,Empty,StairE
TOP_EMPTY_SOUTHSTAIRW,StairN,Empty,Empty,StairW
TOP_EMPTY,StairN,Empty,Wall,Empty
TOP_EMPTY_SOUTHWALLHORIZONTAL,StairN,Empty,Wall,Wall
TOP_EMPTY,StairN,Empty,Wall,Door
TOP_EMPTY_SOUTHSTAIRNFULL,StairN,Empty,Wall,StairN
TOP_EMPTY,StairN,Empty,Wall,StairS
TOP_EMPTY_SOUTHSTAIRE,StairN,Empty,Wall,StairE
TOP_EMPTY_SOUTHSTAIRW,StairN,Empty,Wall,StairW
TOP_EMPTY,StairN,Empty,Door,Empty
TOP_EMPTY_SOUTHWALLCORNER,StairN,Empty,Door,Wall
TOP_EMPTY,StairN,Empty,Door,Door
TOP_EMPTY_SOUTHSTAIRN,StairN,Empty,Door,StairN
TOP_EMPTY,StairN,Empty,Door,StairS
TOP_EMPTY_SOUTHSTAIRE,StairN,Empty,Door,StairE
TOP_EMPTY_SOUTHSTAIRW,StairN,Empty,Door,StairW
TOP_EMPTY,StairN,Empty,StairN,Empty
TOP_EMPTY_SOUTHWALLCORNER_SOUTHEASTSTAIRN,StairN,Empty,StairN,Wall
TOP_EMPTY,StairN,Empty,StairN,Door
TOP_EMPTY_SOUTHSTAIRNFULL,StairN,Empty,StairN,StairN
TOP_EMPTY,StairN,Empty,StairN,StairS
TOP_EMPTY_SOUTHSTAIRE,StairN,Empty,StairN,StairE
TOP_EMPTY_SOUTHSTAIRW,StairN,Empty,StairN,StairW
TOP_EMPTY,StairN,Empty,StairS,Empty
TOP_EMPTY_SOUTHWALLCORNER,StairN,Empty,StairS,Wall
TOP_EMPTY,StairN,Empty,StairS,Door
TOP_EMPTY_SOUTHSTAIRN,StairN,Empty,StairS,StairN
TOP_EMPTY,StairN,Empty,StairS,StairS
TOP_EMPTY_SOUTHSTAIRE,StairN,Empty,StairS,StairE
TOP_EMPTY_SOUTHSTAIRW,StairN,Empty,StairS,StairW
TOP_EMPTY,StairN,Empty,StairE,Empty
TOP_EMPTY_SOUTHWALLCORNER,StairN,Empty,StairE,Wall
TOP_EMPTY,StairN,Empty,StairE,Door
TOP_EMPTY_SOUTHSTAIRN,StairN,Empty,StairE,StairN
TOP_EMPTY,StairN,Empty,StairE,StairS
TOP_EMPTY_SOUTHSTAIRE,StairN,Empty,StairE,StairE
TOP_EMPTY_SOUTHSTAIRW,StairN,Empty,StairE,StairW
TOP_EMPTY_SOUTHEASTSTAIRW,StairN,Empty,StairW,Empty
TOP_EMPTY_SOUTHWALLHORIZONTAL,StairN,Empty,StairW,Wall
TOP_EMPTY_SOUTHEASTSTAIRW,StairN,Empty,StairW,Door
TOP_EMPTY_SOUTHSTAIRN_SOUTHEASTSTAIRW,StairN,Empty,StairW,StairN
TOP_EMPTY_SOUTHEASTSTAIRW,StairN,Empty,StairW,StairS
TOP_EMPTY_SOUTHSTAIRE_SOUTHEASTSTAIRW,StairN,Empty,StairW,StairE
TOP_EMPTY_SOUTHSTAIRW_SOUTHEASTSTAIRW,StairN,Empty,StairW,StairW
TOP_EMPTY,StairN,Wall,Empty,Empty
TOP_EMPTY_SOUTHWALLCORNER,StairN,Wall,Empty,Wall
TOP_EMPTY,StairN,Wall,Empty,Door
TOP_EMPTY_SOUTHSTAIRN,StairN,Wall,Empty,StairN
TOP_EMPTY,StairN,Wall,Empty,StairS
TOP_EMPTY_SOUTHSTAIRE,StairN,Wall,Empty,StairE
TOP_EMPTY_SOUTHSTAIRW,StairN,Wall,Empty,StairW
TOP_EMPTY,StairN,Wall,Wall,Empty
TOP_EMPTY_SOUTHWALLHORIZONTAL,StairN,Wall,Wall,Wall
TOP_EMPTY,StairN,Wall,Wall,Door
TOP_EMPTY_SOUTHSTAIRNFULL,StairN,Wall,Wall,StairN
TOP_EMPTY,StairN,Wall,Wall,StairS
TOP_EMPTY_SOUTHSTAIRE,StairN,Wall,Wall,StairE
TOP_EMPTY_SOUTHSTAIRW,StairN,Wall,Wall,StairW
TOP_EMPTY,StairN,Wall,Door,Empty
TOP_EMPTY_SOUTHWALLCORNER,StairN,Wall,Door,Wall
TOP_EMPTY,StairN,Wall,Door,Door
TOP_EMPTY_SOUTHSTAIRN,StairN,Wall,Door,StairN
TOP_EMPTY,StairN,Wall,Door,StairS
TOP_EMPTY_SOUTHSTAIRE,StairN,Wall,Door,StairE
TOP_EMPTY_SOUTHSTAIRW,StairN,Wall,Door,StairW
TOP_EMPTY,StairN,Wall,StairN,Empty
TOP_EMPTY_SOUTHWALLCORNER_SOUTHEASTSTAIRN,StairN,Wall,StairN,Wall
TOP_EMPTY,StairN,Wall,StairN,Door
TOP_EMPTY_SOUTHSTAIRNFULL,StairN,Wall,StairN,StairN
TOP_EMPTY,StairN,Wall,StairN,StairS
TOP_EMPTY_SOUTHSTAIRE,StairN,Wall,StairN,StairE
TOP_EMPTY_SOUTHSTAIRW,StairN,Wall,StairN,StairW
TOP_EMPTY,StairN,Wall,StairS,Empty
TOP_EMPTY_SOUTHWALLCORNER,StairN,Wall,StairS,Wall
TOP_EMPTY,StairN,Wall,StairS,Door
TOP_EMPTY_SOUTHSTAIRN,StairN,Wall,StairS,StairN
TOP_EMPTY,StairN,Wall,StairS,StairS
TOP_EMPTY_SOUTHSTAIRE,StairN,Wall,StairS,StairE
TOP_EMPTY_SOUTHSTAIRW,StairN,Wall,StairS,StairW
TOP_EMPTY,StairN,Wall,StairE,Empty
TOP_EMPTY_SOUTHWALLCORNER,StairN,Wall,StairE,Wall
TOP_EMPTY,StairN,Wall,StairE,Door
TOP_EMPTY_SOUTHSTAIRN,StairN,Wall,StairE,StairN
TOP_EMPTY,StairN,Wall,StairE,StairS
TOP_EMPTY_SOUTHSTAIRE,StairN,Wall,StairE,StairE
TOP_EMPTY_SOUTHSTAIRW,StairN,Wall,StairE,StairW
TOP_EMPTY_SOUTHEASTSTAIRWFULL,StairN,Wall,StairW,Empty
TOP_EMPTY_SOUTHWALLHORIZONTAL_SOUTHEASTSTAIRWFULL,StairN,Wall,StairW,Wall
TOP_EMPTY_SOUTHEASTSTAIRWFULL,StairN,Wall,StairW,Door
TOP_EMPTY_SOUTHSTAIRN_SOUTHEASTSTAIRWFULL,StairN,Wall,StairW,StairN
TOP_EMPTY_SOUTHEASTSTAIRWFULL,StairN,Wall,StairW,StairS
TOP_EMPTY_SOUTHSTAIRE_SOUTHEASTSTAIRWFULL,StairN,Wall,StairW,StairE
TOP_EMPTY_SOUTHSTAIRW_SOUTHEASTSTAIRWFULL,StairN,Wall,StairW,StairW
TOP_EMPTY,StairN,Door,Empty,Empty
TOP_EMPTY_SOUTHWALLCORNER,StairN,Door,Empty,Wall
TOP_EMPTY,StairN,Door,Empty,Door
TOP_EMPTY_SOUTHSTAIRN,StairN,Door,Empty,StairN
TOP_EMPTY,StairN,Door,Empty,StairS
TOP_EMPTY_SOUTHSTAIRE,StairN,Door,Empty,StairE
TOP_EMPTY_SOUTHSTAIRW,StairN,Door,Empty,StairW
TOP_EMPTY,StairN,Door,Wall,Empty
TOP_EMPTY_SOUTHWALLHORIZONTAL,StairN,Door,Wall,Wall
TOP_EMPTY,StairN,Door,Wall,Door
TOP_EMPTY_SOUTHSTAIRNFULL,StairN,Door,Wall,StairN
TOP_EMPTY,StairN,Door,Wall,StairS
TOP_EMPTY_SOUTHSTAIRE,StairN,Door,Wall,StairE
TOP_EMPTY_SOUTHSTAIRW,StairN,Door,Wall,StairW
TOP_EMPTY,StairN,Door,Door,Empty
TOP_EMPTY_SOUTHWALLCORNER,StairN,Door,Door,Wall
TOP_EMPTY,StairN,Door,Door,Door
TOP_EMPTY_SOUTHSTAIRN,StairN,Door,Door,StairN
TOP_EMPTY,StairN,Door,Door,StairS
TOP_EMPTY_SOUTHSTAIRE,StairN,Door,Door,StairE
TOP_EMPTY_SOUTHSTAIRW,StairN,Door,Door,StairW
TOP_EMPTY,StairN,Door,StairN,Empty
TOP_EMPTY_SOUTHWALLCORNER_SOUTHEASTSTAIRN,StairN,Door,StairN,Wall
TOP_EMPTY,StairN,Door,StairN,Door
TOP_EMPTY_SOUTHSTAIRNFULL,StairN,Door,StairN,StairN
TOP_EMPTY,StairN,Door,StairN,StairS
TOP_EMPTY_SOUTHSTAIRE,StairN,Door,StairN,StairE
TOP_EMPTY_SOUTHSTAIRW,StairN,Door,StairN,StairW
TOP_EMPTY,StairN,Door,StairS,Empty
TOP_EMPTY_SOUTHWALLCORNER,StairN,Door,StairS,Wall
TOP_EMPTY,StairN,Door,StairS,Door
TOP_EMPTY_SOUTHSTAIRN,StairN,Door,StairS,StairN
TOP_EMPTY,StairN,Door,StairS,StairS
TOP_EMPTY_SOUTHSTAIRE,StairN,Door,StairS,StairE
TOP_EMPTY_SOUTHSTAIRW,StairN,Door,StairS,StairW
TOP_EMPTY,StairN,Door,StairE,Empty
TOP_EMPTY_SOUTHWALLCORNER,StairN,Door,StairE,Wall
TOP_EMPTY,StairN,Door,StairE,Door
TOP_EMPTY_SOUTHSTAIRN,StairN,Door,StairE,StairN
TOP_EMPTY,StairN,Door,StairE,StairS
TOP_EMPTY_SOUTHSTAIRE,StairN,Door,StairE,StairE
TOP_EMPTY_SOUTHSTAIRW,StairN,Door,StairE,StairW
TOP_EMPTY_SOUTHEASTSTAIRW,StairN,Door,StairW,Empty
TOP_EMPTY_SOUTHWALLHORIZONTAL,StairN,Door,StairW,Wall
TOP_EMPTY_SOUTHEASTSTAIRW,StairN,Door,StairW,Door
TOP_EMPTY_SOUTHSTAIRN_SOUTHEASTSTAIRW,StairN,Door,StairW,StairN
TOP_EMPTY_SOUTHEASTSTAIRW,StairN,Door,StairW,StairS
TOP_EMPTY_SOUTHSTAIRE_SOUTHEASTSTAIRW,StairN,Door,StairW,StairE
TOP_EMPTY_SOUTHSTAIRW_SOUTHEASTSTAIRW,StairN,Door,StairW,StairW
TOP_EMPTY,StairN,StairN,Empty,Empty
TOP_EMPTY_SOUTHWALLCORNER,StairN,StairN,Empty,Wall
TOP_EMPTY,StairN,StairN,Empty,Door
TOP_EMPTY_SOUTHSTAIRN,StairN,StairN,Empty,StairN
TOP_EMPTY,StairN,StairN,Empty,StairS
TOP_EMPTY_SOUTHSTAIRE,StairN,StairN,Empty,StairE
TOP_EMPTY_SOUTHSTAIRW,StairN,StairN,Empty,StairW
TOP_EMPTY,StairN,StairN,Wall,Empty
TOP_EMPTY_SOUTHWALLHORIZONTAL,StairN,StairN,Wall,Wall
TOP_EMPTY,StairN,StairN,Wall,Door
TOP_EMPTY_SOUTHSTAIRNFULL,StairN,StairN,Wall,StairN
TOP_EMPTY,StairN,StairN,Wall,StairS
TOP_EMPTY_SOUTHSTAIRE,StairN,StairN,Wall,StairE
TOP_EMPTY_SOUTHSTAIRW,StairN,StairN,Wall,StairW
TOP_EMPTY,StairN,StairN,Door,Empty
TOP_EMPTY_SOUTHWALLCORNER,StairN,StairN,Door,Wall
TOP_EMPTY,StairN,StairN,Door,Door
TOP_EMPTY_SOUTHSTAIRN,StairN,StairN,Door,StairN
TOP_EMPTY,StairN,StairN,Door,StairS
TOP_EMPTY_SOUTHSTAIRE,StairN,StairN,Door,StairE
TOP_EMPTY_SOUTHSTAIRW,StairN,StairN,Door,StairW
TOP_EMPTY,StairN,StairN,StairN,Empty
TOP_EMPTY_SOUTHWALLCORNER_SOUTHEASTSTAIRN,StairN,StairN,StairN,Wall
TOP_EMPTY,StairN,StairN,StairN,Door
TOP_EMPTY_SOUTHSTAIRNFULL,StairN,StairN,StairN,StairN
TOP_EMPTY,StairN,StairN,StairN,StairS
TOP_EMPTY_SOUTHSTAIRE,StairN,StairN,StairN,StairE
TOP_EMPTY_SOUTHSTAIRW,StairN,StairN,StairN,StairW
TOP_EMPTY,StairN,StairN,StairS,Empty
TOP_EMPTY_SOUTHWALLCORNER,StairN,StairN,StairS,Wall
TOP_EMPTY,StairN,StairN,StairS,Door
TOP_EMPTY_SOUTHSTAIRN,StairN,StairN,StairS,StairN
TOP_EMPTY,StairN,StairN,StairS,StairS
TOP_EMPTY_SOUTHSTAIRE,StairN,StairN,StairS,StairE
TOP_EMPTY_SOUTHSTAIRW,StairN,StairN,StairS,StairW
TOP_EMPTY,StairN,StairN,StairE,Empty
TOP_EMPTY_SOUTHWALLCORNER,StairN,StairN,StairE,Wall
TOP_EMPTY,StairN,StairN,StairE,Door
TOP_EMPTY_SOUTHSTAIRN,StairN,StairN,StairE,StairN
TOP_EMPTY,StairN,StairN,StairE,StairS
TOP_EMPTY_SOUTHSTAIRE,StairN,StairN,StairE,StairE
TOP_EMPTY_SOUTHSTAIRW,StairN,StairN,StairE,StairW
TOP_EMPTY_SOUTHEASTSTAIRW,StairN,StairN,StairW,Empty
TOP_EMPTY_SOUTHWALLHORIZONTAL,StairN,StairN,StairW,Wall
TOP_EMPTY_SOUTHEASTSTAIRW,StairN,StairN,StairW,Door
TOP_EMPTY_SOUTHSTAIRN_SOUTHEASTSTAIRW,StairN,StairN,StairW,StairN
TOP_EMPTY_SOUTHEASTSTAIRW,StairN,StairN,StairW,StairS
TOP_EMPTY_SOUTHSTAIRE_SOUTHEASTSTAIRW,StairN,StairN,StairW,StairE
TOP_EMPTY_SOUTHSTAIRW_SOUTHEASTSTAIRW,StairN,StairN,StairW,StairW
TOP_EMPTY,StairN,StairS,Empty,Empty
TOP_EMPTY_SOUTHWALLCORNER,StairN,StairS,Empty,Wall
TOP_EMPTY,StairN,StairS,Empty,Door
TOP_EMPTY_SOUTHSTAIRN,StairN,StairS,Empty,StairN
TOP_EMPTY,StairN,StairS,Empty,StairS
TOP_EMPTY_SOUTHSTAIRE,StairN,StairS,Empty,StairE
TOP_EMPTY_SOUTHSTAIRW,StairN,StairS,Empty,StairW
TOP_EMPTY,StairN,StairS,Wall,Empty
TOP_EMPTY_SOUTHWALLHORIZONTAL,StairN,StairS,Wall,Wall
TOP_EMPTY,StairN,StairS,Wall,Door
TOP_EMPTY_SOUTHSTAIRNFULL,StairN,StairS,Wall,StairN
TOP_EMPTY,StairN,StairS,Wall,StairS
TOP_EMPTY_SOUTHSTAIRE,StairN,StairS,Wall,StairE
TOP_EMPTY_SOUTHSTAIRW,StairN,StairS,Wall,StairW
TOP_EMPTY,StairN,StairS,Door,Empty
TOP_EMPTY_SOUTHWALLCORNER,StairN,StairS,Door,Wall
TOP_EMPTY,StairN,StairS,Door,Door
TOP_EMPTY_SOUTHSTAIRN,StairN,StairS,Door,StairN
TOP_EMPTY,StairN,StairS,Door,StairS
TOP_EMPTY_SOUTHSTAIRE,StairN,StairS,Door,StairE
TOP_EMPTY_SOUTHSTAIRW,StairN,StairS,Door,StairW
TOP_EMPTY,StairN,StairS,StairN,Empty
TOP_EMPTY_SOUTHWALLCORNER_SOUTHEASTSTAIRN,StairN,StairS,StairN,Wall
TOP_EMPTY,StairN,StairS,StairN,Door
TOP_EMPTY_SOUTHSTAIRNFULL,StairN,StairS,StairN,StairN
TOP_EMPTY,StairN,StairS,StairN,StairS
TOP_EMPTY_SOUTHSTAIRE,StairN,StairS,StairN,StairE
TOP_EMPTY_SOUTHSTAIRW,StairN,StairS,StairN,StairW
TOP_EMPTY,StairN,StairS,StairS,Empty
TOP_EMPTY_SOUTHWALLCORNER,StairN,StairS,StairS,Wall
TOP_EMPTY,StairN,StairS,StairS,Door
TOP_EMPTY_SOUTHSTAIRN,StairN,StairS,StairS,StairN
TOP_EMPTY,StairN,StairS,StairS,StairS
TOP_EMPTY_SOUTHSTAIRE,StairN,StairS,StairS,StairE
TOP_EMPTY_SOUTHSTAIRW,StairN,StairS,StairS,StairW
TOP_EMPTY,StairN,StairS,StairE,Empty
TOP_EMPTY_SOUTHWALLCORNER,StairN,StairS,StairE,Wall
TOP_EMPTY,StairN,StairS,StairE,Door
TOP_EMPTY_SOUTHSTAIRN,StairN,StairS,StairE,StairN
TOP_EMPTY,StairN,StairS,StairE,StairS
TOP_EMPTY_SOUTHSTAIRE,StairN,StairS,StairE,StairE
TOP_EMPTY_SOUTHSTAIRW,StairN,StairS,StairE,StairW
TOP_EMPTY_SOUTHEASTSTAIRW,StairN,StairS,StairW,Empty
TOP_EMPTY_SOUTHWALLHORIZONTAL,StairN,StairS,StairW,Wall
TOP_EMPTY_SOUTHEASTSTAIRW,StairN,StairS,StairW,Door
TOP_EMPTY_SOUTHSTAIRN_SOUTHEASTSTAIRW,StairN,StairS,StairW,StairN
TOP_EMPTY_SOUTHEASTSTAIRW,StairN,StairS,StairW,StairS
TOP_EMPTY_SOUTHSTAIRE_SOUTHEASTSTAIRW,StairN,StairS,StairW,StairE
TOP_EMPTY_SOUTHSTAIRW_SOUTHEASTSTAIRW,StairN,StairS,StairW,StairW
TOP_EMPTY,StairN,StairE,Empty,Empty
TOP_EMPTY_SOUTHWALLCORNER,StairN,StairE,Empty,Wall
TOP_EMPTY,StairN,StairE,Empty,Door
TOP_EMPTY_SOUTHSTAIRN,StairN,StairE,Empty,StairN
TOP_EMPTY,StairN,StairE,Empty,StairS
TOP_EMPTY_SOUTHSTAIRE,StairN,StairE,Empty,StairE
TOP_EMPTY_SOUTHSTAIRW,StairN,StairE,Empty,StairW
TOP_EMPTY,StairN,StairE,Wall,Empty
TOP_EMPTY_SOUTHWALLHORIZONTAL,StairN,StairE,Wall,Wall
TOP_EMPTY,StairN,StairE,Wall,Door
TOP_EMPTY_SOUTHSTAIRNFULL,StairN,StairE,Wall,StairN
TOP_EMPTY,StairN,StairE,Wall,StairS
TOP_EMPTY_SOUTHSTAIRE,StairN,StairE,Wall,StairE
TOP_EMPTY_SOUTHSTAIRW,StairN,StairE,Wall,StairW
TOP_EMPTY,StairN,StairE,Door,Empty
TOP_EMPTY_SOUTHWALLCORNER,StairN,StairE,Door,Wall
TOP_EMPTY,StairN,StairE,Door,Door
TOP_EMPTY_SOUTHSTAIRN,StairN,StairE,Door,StairN
TOP_EMPTY,StairN,StairE,Door,StairS
TOP_EMPTY_SOUTHSTAIRE,StairN,StairE,Door,StairE
TOP_EMPTY_SOUTHSTAIRW,StairN,StairE,Door,StairW
TOP_EMPTY,StairN,StairE,StairN,Empty
TOP_EMPTY_SOUTHWALLCORNER_SOUTHEASTSTAIRN,StairN,StairE,StairN,Wall
TOP_EMPTY,StairN,StairE,StairN,Door
TOP_EMPTY_SOUTHSTAIRNFULL,StairN,StairE,StairN,StairN
TOP_EMPTY,StairN,StairE,StairN,StairS
TOP_EMPTY_SOUTHSTAIRE,StairN,StairE,StairN,StairE
TOP_EMPTY_SOUTHSTAIRW,StairN,StairE,StairN,StairW
TOP_EMPTY,StairN,StairE,StairS,Empty
TOP_EMPTY_SOUTHWALLCORNER,StairN,StairE,StairS,Wall
TOP_EMPTY,StairN,StairE,StairS,Door
TOP_EMPTY_SOUTHSTAIRN,StairN,StairE,StairS,StairN
TOP_EMPTY,StairN,StairE,StairS,StairS
TOP_EMPTY_SOUTHSTAIRE,StairN,StairE,StairS,StairE
TOP_EMPTY_SOUTHSTAIRW,StairN,StairE,StairS,StairW
TOP_EMPTY,StairN,StairE,StairE,Empty
TOP_EMPTY_SOUTHWALLCORNER,StairN,StairE,StairE,Wall
TOP_EMPTY,StairN,StairE,StairE,Door
TOP_EMPTY_SOUTHSTAIRN,StairN,StairE,StairE,StairN
TOP_EMPTY,StairN,StairE,StairE,StairS
TOP_EMPTY_SOUTHSTAIRE,StairN,StairE,StairE,StairE
TOP_EMPTY_SOUTHSTAIRW,StairN,StairE,StairE,StairW
TOP_EMPTY_SOUTHEASTSTAIRW,StairN,StairE,StairW,Empty
TOP_EMPTY_SOUTHWALLHORIZONTAL,StairN,StairE,StairW,Wall
TOP_EMPTY_SOUTHEASTSTAIRW,StairN,StairE,StairW,Door
TOP_EMPTY_SOUTHSTAIRN_SOUTHEASTSTAIRW,StairN,StairE,StairW,StairN
TOP_EMPTY_SOUTHEASTSTAIRW,StairN,StairE,StairW,StairS
TOP_EMPTY_SOUTHSTAIRE_SOUTHEASTSTAIRW,StairN,StairE,StairW,StairE
TOP_EMPTY_SOUTHSTAIRW_SOUTHEASTSTAIRW,StairN,StairE,StairW,StairW
TOP_EMPTY_EASTSTAIRW,StairN,StairW,Empty,Empty
TOP_EMPTY_SOUTHWALLCORNER_EASTSTAIRW,StairN,StairW,Empty,Wall
TOP_EMPTY_EASTSTAIRW,StairN,StairW,Empty,Door
TOP_EMPTY_SOUTHSTAIRN_EASTSTAIRW,StairN,StairW,Empty,StairN
TOP_EMPTY_EASTSTAIRW,StairN,StairW,Empty,StairS
TOP_EMPTY_SOUTHSTAIRE_EASTSTAIRW,StairN,StairW,Empty,StairE
TOP_EMPTY_SOUTHSTAIRW_EASTSTAIRW,StairN,StairW,Empty,StairW
TOP_EMPTY_EASTSTAIRWFULL,StairN,StairW,Wall,Empty
TOP_EMPTY_SOUTHWALLHORIZONTAL_EASTSTAIRWFULL,StairN,StairW,Wall,Wall
TOP_EMPTY_EASTSTAIRWFULL,StairN,StairW,Wall,Door
TOP_EMPTY_SOUTHSTAIRNFULL_EASTSTAIRWFULL,StairN,StairW,Wall,StairN
TOP_EMPTY_EASTSTAIRWFULL,StairN,StairW,Wall,StairS
TOP_EMPTY_SOUTHSTAIRE_EASTSTAIRWFULL,StairN,StairW,Wall,StairE
TOP_EMPTY_SOUTHSTAIRW_EASTSTAIRWFULL,StairN,StairW,Wall,StairW
TOP_EMPTY_EASTSTAIRW,StairN,StairW,Door,Empty
TOP_EMPTY_SOUTHWALLCORNER_EASTSTAIRW,StairN,StairW,Door,Wall
TOP_EMPTY_EASTSTAIRW,StairN,StairW,Door,Door
TOP_EMPTY_SOUTHSTAIRN_EASTSTAIRW,StairN,StairW,Door,StairN
TOP_EMPTY_EASTSTAIRW,StairN,StairW,Door,StairS
TOP_EMPTY_SOUTHSTAIRE_EASTSTAIRW,StairN,StairW,Door,StairE
TOP_EMPTY_SOUTHSTAIRW_EASTSTAIRW,StairN,StairW,Door,StairW
TOP_EMPTY_EASTSTAIRW,StairN,StairW,StairN,Empty
TOP_EMPTY_SOUTHWALLCORNER_SOUTHEASTSTAIRN_EASTSTAIRW,StairN,StairW,StairN,Wall
TOP_EMPTY_EASTSTAIRW,StairN,StairW,StairN,Door
TOP_EMPTY_SOUTHSTAIRNFULL_SOUTHEASTSTAIRN_EASTSTAIRW,StairN,StairW,StairN,StairN
TOP_EMPTY_EASTSTAIRW,StairN,StairW,StairN,StairS
TOP_EMPTY_SOUTHSTAIRE_EASTSTAIRW,StairN,StairW,StairN,StairE
TOP_EMPTY_SOUTHSTAIRW_EASTSTAIRW,StairN,StairW,StairN,StairW
TOP_EMPTY_EASTSTAIRW,StairN,StairW,StairS,Empty
TOP_EMPTY_SOUTHWALLCORNER_EASTSTAIRW,StairN,StairW,StairS,Wall
TOP_EMPTY_EASTSTAIRW,StairN,StairW,StairS,Door
TOP_EMPTY_SOUTHSTAIRN_EASTSTAIRW,StairN,StairW,StairS,StairN
TOP_EMPTY_EASTSTAIRW,StairN,StairW,StairS,StairS
TOP_EMPTY_SOUTHSTAIRE_EASTSTAIRW,StairN,StairW,StairS,StairE
TOP_EMPTY_SOUTHSTAIRW_EASTSTAIRW,StairN,StairW,StairS,StairW
TOP_EMPTY_EASTSTAIRW,StairN,StairW,StairE,Empty
TOP_EMPTY_SOUTHWALLCORNER_EASTSTAIRW,StairN,StairW,StairE,Wall
TOP_EMPTY_EASTSTAIRW,StairN,StairW,StairE,Door
TOP_EMPTY_SOUTHSTAIRN_EASTSTAIRW,StairN,StairW,StairE,StairN
TOP_EMPTY_EASTSTAIRW,StairN,StairW,StairE,StairS
TOP_EMPTY_SOUTHSTAIRE_EASTSTAIRW,StairN,StairW,StairE,StairE
TOP_EMPTY_SOUTHSTAIRW_EASTSTAIRW,StairN,StairW,StairE,StairW
TOP_EMPTY_EASTSTAIRWFULL,StairN,StairW,StairW,Empty
TOP_EMPTY_SOUTHWALLHORIZONTAL_EASTSTAIRWFULL,StairN,StairW,StairW,Wall
TOP_EMPTY_EASTSTAIRWFULL,StairN,StairW,StairW,Door
TOP_EMPTY_SOUTHSTAIRNFULL_EASTSTAIRWFULL,StairN,StairW,StairW,StairN
TOP_EMPTY_EASTSTAIRWFULL,StairN,StairW,StairW,StairS
TOP_EMPTY_SOUTHSTAIRE_EASTSTAIRWFULL,StairN,StairW,StairW,StairE
TOP_EMPTY_SOUTHSTAIRW_EASTSTAIRWFULL,StairN,StairW,StairW,StairW
TOP_EMPTY,StairS,Empty,Empty,Empty
TOP_STAIRS_SOUTHWALLCORNER,StairS,Empty,Empty,Wall
TOP_EMPTY,StairS,Empty,Empty,Door
TOP_EMPTY_SOUTHSTAIRN,StairS,Empty,Empty,StairN
TOP_EMPTY,StairS,Empty,Empty,StairS
TOP_EMPTY_SOUTHSTAIRE,StairS,Empty,Empty,StairE
TOP_EMPTY_SOUTHSTAIRW,StairS,Empty,Empty,StairW
TOP_EMPTY,StairS,Empty,Wall,Empty
TOP_STAIRS_SOUTHWALLHORIZONTAL,StairS,Empty,Wall,Wall
TOP_EMPTY,StairS,Empty,Wall,Door
TOP_EMPTY_SOUTHSTAIRNFULL,StairS,Empty,Wall,StairN
TOP_EMPTY,StairS,Empty,Wall,StairS
TOP_EMPTY_SOUTHSTAIRE,StairS,Empty,Wall,StairE
TOP_EMPTY_SOUTHSTAIRW,StairS,Empty,Wall,StairW
TOP_EMPTY,StairS,Empty,Door,Empty
TOP_STAIRS_SOUTHWALLCORNER,StairS,Empty,Door,Wall
TOP_EMPTY,StairS,Empty,Door,Door
TOP_EMPTY_SOUTHSTAIRN,StairS,Empty,Door,StairN
TOP_EMPTY,StairS,Empty,Door,StairS
TOP_EMPTY_SOUTHSTAIRE,StairS,Empty,Door,StairE
TOP_EMPTY_SOUTHSTAIRW,StairS,Empty,Door,StairW
TOP_EMPTY,StairS,Empty,StairN,Empty
TOP_STAIRS_SOUTHWALLCORNER_SOUTHEASTSTAIRN,StairS,Empty,StairN,Wall
TOP_EMPTY,StairS,Empty,StairN,Door
TOP_EMPTY_SOUTHSTAIRNFULL,StairS,Empty,StairN,StairN
TOP_EMPTY,StairS,Empty,StairN,StairS
TOP_EMPTY_SOUTHSTAIRE,StairS,Empty,StairN,StairE
TOP_EMPTY_SOUTHSTAIRW,StairS,Empty,StairN,StairW
TOP_EMPTY,StairS,Empty,StairS,Empty
TOP_STAIRS_SOUTHWALLCORNER,StairS,Empty,StairS,Wall
TOP_EMPTY,StairS,Empty,StairS,Door
TOP_EMPTY_SOUTHSTAIRN,StairS,Empty,StairS,StairN
TOP_EMPTY,StairS,Empty,StairS,StairS
TOP_EMPTY_SOUTHSTAIRE,StairS,Empty,StairS,StairE
TOP_EMPTY_SOUTHSTAIRW,StairS,Empty,StairS,StairW
TOP_EMPTY,StairS,Empty,StairE,Empty
TOP_STAIRS_SOUTHWALLCORNER,StairS,Empty,StairE,Wall
TOP_EMPTY,StairS,Empty,StairE,Door
TOP_EMPTY_SOUTHSTAIRN,StairS,Empty,StairE,StairN
TOP_EMPTY,StairS,Empty,StairE,StairS
TOP_EMPTY_SOUTHSTAIRE,StairS,Empty,StairE,StairE
TOP_EMPTY_SOUTHSTAIRW,StairS,Empty,StairE,StairW
TOP_EMPTY_SOUTHEASTSTAIRW,StairS,Empty,StairW,Empty
TOP_STAIRS_SOUTHWALLHORIZONTAL,StairS,Empty,StairW,Wall
TOP_EMPTY_SOUTHEASTSTAIRW,StairS,Empty,StairW,Door
TOP_EMPTY_SOUTHSTAIRN_SOUTHEASTSTAIRW,StairS,Empty,StairW,StairN
TOP_EMPTY_SOUTHEASTSTAIRW,StairS,Empty,StairW,StairS
TOP_EMPTY_SOUTHSTAIRE_SOUTHEASTSTAIRW,StairS,Empty,StairW,StairE
TOP_EMPTY_SOUTHSTAIRW_SOUTHEASTSTAIRW,StairS,Empty,StairW,StairW
TOP_EMPTY,StairS,Wall,Empty,Empty
TOP_STAIRSFULL_SOUTHWALLCORNER,StairS,Wall,Empty,Wall
TOP_EMPTY,StairS,Wall,Empty,Door
TOP_STAIRSFULL_SOUTHSTAIRN,StairS,Wall,Empty,StairN
TOP_EMPTY,StairS,Wall,Empty,StairS
TOP_EMPTY_SOUTHSTAIRE,StairS,Wall,Empty,StairE
TOP_EMPTY_SOUTHSTAIRW,StairS,Wall,Empty,StairW
TOP_EMPTY,StairS,Wall,Wall,Empty
TOP_STAIRSFULL_SOUTHWALLHORIZONTAL,StairS,Wall,Wall,Wall
TOP_EMPTY,StairS,Wall,Wall,Door
TOP_EMPTY_SOUTHSTAIRNFULL,StairS,Wall,Wall,StairN
TOP_EMPTY,StairS,Wall,Wall,StairS
TOP_EMPTY_SOUTHSTAIRE,StairS,Wall,Wall,StairE
TOP_EMPTY_SOUTHSTAIRW,StairS,Wall,Wall,StairW
TOP_EMPTY,StairS,Wall,Door,Empty
TOP_STAIRSFULL_SOUTHWALLCORNER,StairS,Wall,Door,Wall
TOP_EMPTY,StairS,Wall,Door,Door
TOP_STAIRSFULL_SOUTHSTAIRN,StairS,Wall,Door,StairN
TOP_EMPTY,StairS,Wall,Door,StairS
TOP_EMPTY_SOUTHSTAIRE,StairS,Wall,Door,StairE
TOP_EMPTY_SOUTHSTAIRW,StairS,Wall,Door,StairW
TOP_EMPTY,StairS,Wall,StairN,Empty
TOP_STAIRSFULL_SOUTHWALLCORNER_SOUTHEASTSTAIRN,StairS,Wall,StairN,Wall
TOP_EMPTY,StairS,Wall,StairN,Door
TOP_EMPTY_SOUTHSTAIRNFULL,StairS,Wall,StairN,StairN
TOP_EMPTY,StairS,Wall,StairN,StairS
TOP_EMPTY_SOUTHSTAIRE,StairS,Wall,StairN,StairE
TOP_EMPTY_SOUTHSTAIRW,StairS,Wall,StairN,StairW
TOP_EMPTY,StairS,Wall,StairS,Empty
TOP_STAIRSFULL_SOUTHWALLCORNER,StairS,Wall,StairS,Wall
TOP_EMPTY,StairS,Wall,StairS,Door
TOP_STAIRSFULL_SOUTHSTAIRN,StairS,Wall,StairS,StairN
TOP_EMPTY,StairS,Wall,StairS,StairS
TOP_EMPTY_SOUTHSTAIRE,StairS,Wall,StairS,StairE
TOP_EMPTY_SOUTHSTAIRW,StairS,Wall,StairS,StairW
TOP_EMPTY,StairS,Wall,StairE,Empty
TOP_STAIRSFULL_SOUTHWALLCORNER,StairS,Wall,StairE,Wall
TOP_EMPTY,StairS,Wall,StairE,Door
TOP_STAIRSFULL_SOUTHSTAIRN,StairS,Wall,StairE,StairN
TOP_EMPTY,StairS,Wall,StairE,StairS
TOP_EMPTY_SOUTHSTAIRE,StairS,Wall,StairE,StairE
TOP_EMPTY_SOUTHSTAIRW,StairS,Wall,StairE,StairW
TOP_STAIRSFULL_SOUTHEASTSTAIRWFULL,StairS,Wall,StairW,Empty
TOP_STAIRSFULL_SOUTHWALLHORIZONTAL_SOUTHEASTSTAIRWFULL,StairS,Wall,StairW,Wall
TOP_STAIRSFULL_SOUTHEASTSTAIRWFULL,StairS,Wall,StairW,Door
TOP_EMPTY_SOUTHSTAIRN_SOUTHEASTSTAIRWFULL,StairS,Wall,StairW,StairN
TOP_STAIRSFULL_SOUTHEASTSTAIRWFULL,StairS,Wall,StairW,StairS
TOP_STAIRSFULL_SOUTHSTAIRE_SOUTHEASTSTAIRWFULL,StairS,Wall,StairW,StairE
TOP_STAIRSFULL_SOUTHSTAIRW_SOUTHEASTSTAIRWFULL,StairS,Wall,StairW,StairW
TOP_EMPTY,StairS,Door,Empty,Empty
TOP_STAIRS_SOUTHWALLCORNER,StairS,Door,Empty,Wall
TOP_EMPTY,StairS,Door,Empty,Door
TOP_EMPTY_SOUTHSTAIRN,StairS,Door,Empty,StairN
TOP_EMPTY,StairS,Door,Empty,StairS
TOP_EMPTY_SOUTHSTAIRE,StairS,Door,Empty,StairE
TOP_EMPTY_SOUTHSTAIRW,StairS,Door,Empty,StairW
TOP_EMPTY,StairS,Door,Wall,Empty
TOP_STAIRS_SOUTHWALLHORIZONTAL,StairS,Door,Wall,Wall
TOP_EMPTY,StairS,Door,Wall,Door
TOP_EMPTY_SOUTHSTAIRNFULL,StairS,Door,Wall,StairN
TOP_EMPTY,StairS,Door,Wall,StairS
TOP_EMPTY_SOUTHSTAIRE,StairS,Door,Wall,StairE
TOP_EMPTY_SOUTHSTAIRW,StairS,Door,Wall,StairW
TOP_EMPTY,StairS,Door,Door,Empty
TOP_STAIRS_SOUTHWALLCORNER,StairS,Door,Door,Wall
TOP_EMPTY,StairS,Door,Door,Door
TOP_EMPTY_SOUTHSTAIRN,StairS,Door,Door,StairN
TOP_EMPTY,StairS,Door,Door,StairS
TOP_EMPTY_SOUTHSTAIRE,StairS,Door,Door,StairE
TOP_EMPTY_SOUTHSTAIRW,StairS,Door,Door,StairW
TOP_EMPTY,StairS,Door,StairN,Empty
TOP_STAIRS_SOUTHWALLCORNER_SOUTHEASTSTAIRN,StairS,Door,StairN,Wall
TOP_EMPTY,StairS,Door,StairN,Door
TOP_EMPTY_SOUTHSTAIRNFULL,StairS,Door,StairN,StairN
TOP_EMPTY,StairS,Door,StairN,StairS
TOP_EMPTY_SOUTHSTAIRE,StairS,Door,StairN,StairE
TOP_EMPTY_SOUTHSTAIRW,StairS,Door,StairN,StairW
TOP_EMPTY,StairS,Door,StairS,Empty
TOP_STAIRS_SOUTHWALLCORNER,StairS,Door,StairS,Wall
TOP_EMPTY,StairS,Door,StairS,Door
TOP_EMPTY_SOUTHSTAIRN,StairS,Door,StairS,StairN
TOP_EMPTY,StairS,Door,StairS,StairS
TOP_EMPTY_SOUTHSTAIRE,StairS,Door,StairS,StairE
TOP_EMPTY_SOUTHSTAIRW,StairS,Door,StairS,StairW
TOP_EMPTY,StairS,Door,StairE,Empty
TOP_STAIRS_SOUTHWALLCORNER,StairS,Door,StairE,Wall
TOP_EMPTY,StairS,Door,StairE,Door
TOP_EMPTY_SOUTHSTAIRN,StairS,Door,StairE,StairN
TOP_EMPTY,StairS,Door,StairE,StairS
TOP_EMPTY_SOUTHSTAIRE,StairS,Door,StairE,StairE
TOP_EMPTY_SOUTHSTAIRW,StairS,Door,StairE,StairW
TOP_EMPTY_SOUTHEASTSTAIRW,StairS,Door,StairW,Empty
TOP_STAIRS_SOUTHWALLHORIZONTAL,StairS,Door,StairW,Wall
TOP_EMPTY_SOUTHEASTSTAIRW,StairS,Door,StairW,Door
TOP_EMPTY_SOUTHSTAIRN_SOUTHEASTSTAIRW,StairS,Door,StairW,StairN
TOP_EMPTY_SOUTHEASTSTAIRW,StairS,Door,StairW,StairS
TOP_EMPTY_SOUTHSTAIRE_SOUTHEASTSTAIRW,StairS,Door,StairW,StairE
TOP_EMPTY_SOUTHSTAIRW_SOUTHEASTSTAIRW,StairS,Door,StairW,StairW
TOP_EMPTY,StairS,StairN,Empty,Empty
TOP_STAIRS_SOUTHWALLCORNER,StairS,StairN,Empty,Wall
TOP_EMPTY,StairS,StairN,Empty,Door
TOP_EMPTY_SOUTHSTAIRN,StairS,StairN,Empty,StairN
TOP_EMPTY,StairS,StairN,Empty,StairS
TOP_EMPTY_SOUTHSTAIRE,StairS,StairN,Empty,StairE
TOP_EMPTY_SOUTHSTAIRW,StairS,StairN,Empty,StairW
TOP_EMPTY,StairS,StairN,Wall,Empty
TOP_STAIRS_SOUTHWALLHORIZONTAL,StairS,StairN,Wall,Wall
TOP_EMPTY,StairS,StairN,Wall,Door
TOP_EMPTY_SOUTHSTAIRNFULL,StairS,StairN,Wall,StairN
TOP_EMPTY,StairS,StairN,Wall,StairS
TOP_EMPTY_SOUTHSTAIRE,StairS,StairN,Wall,StairE
TOP_EMPTY_SOUTHSTAIRW,StairS,StairN,Wall,StairW
TOP_EMPTY,StairS,StairN,Door,Empty
TOP_STAIRS_SOUTHWALLCORNER,StairS,StairN,Door,Wall
TOP_EMPTY,StairS,StairN,Door,Door
TOP_EMPTY_SOUTHSTAIRN,StairS,StairN,Door,StairN
TOP_EMPTY,StairS,StairN,Door,StairS
TOP_EMPTY_SOUTHSTAIRE,StairS,StairN,Door,StairE
TOP_EMPTY_SOUTHSTAIRW,StairS,StairN,Door,StairW
TOP_EMPTY,StairS,StairN,StairN,Empty
TOP_STAIRS_SOUTHWALLCORNER_SOUTHEASTSTAIRN,StairS,StairN,StairN,Wall
TOP_EMPTY,StairS,StairN,StairN,Door
TOP_EMPTY_SOUTHSTAIRNFULL,StairS,StairN,StairN,StairN
TOP_EMPTY,StairS,StairN,StairN,StairS
TOP_EMPTY_SOUTHSTAIRE,StairS,StairN,StairN,StairE
TOP_EMPTY_SOUTHSTAIRW,StairS,StairN,StairN,StairW
TOP_EMPTY,StairS,StairN,StairS,Empty
TOP_STAIRS_SOUTHWALLCORNER,StairS,StairN,StairS,Wall
TOP_EMPTY,StairS,StairN,StairS,Door
TOP_EMPTY_SOUTHSTAIRN,StairS,StairN,StairS,StairN
TOP_EMPTY,StairS,StairN,StairS,StairS
TOP_EMPTY_SOUTHSTAIRE,StairS,StairN,StairS,StairE
TOP_EMPTY_SOUTHSTAIRW,StairS,StairN,StairS,StairW
TOP_EMPTY,StairS,StairN,StairE,Empty
TOP_STAIRS_SOUTHWALLCORNER,StairS,StairN,StairE,Wall
TOP_EMPTY,StairS,StairN,StairE,Door
TOP_EMPTY_SOUTHSTAIRN,StairS,StairN,StairE,StairN
TOP_EMPTY,StairS,StairN,StairE,StairS
TOP_EMPTY_SOUTHSTAIRE,StairS,StairN,StairE,StairE
TOP_EMPTY_SOUTHSTAIRW,StairS,StairN,StairE,StairW
TOP_EMPTY_SOUTHEASTSTAIRW,StairS,StairN,StairW,Empty
TOP_STAIRS_SOUTHWALLHORIZONTAL,StairS,StairN,StairW,Wall
TOP_EMPTY_SOUTHEASTSTAIRW,StairS,StairN,StairW,Door
TOP_EMPTY_SOUTHSTAIRN_SOUTHEASTSTAIRW,StairS,StairN,StairW,StairN
TOP_EMPTY_SOUTHEASTSTAIRW,StairS,StairN,StairW,StairS
TOP_EMPTY_SOUTHSTAIRE_SOUTHEASTSTAIRW,StairS,StairN,StairW,StairE
TOP_EMPTY_SOUTHSTAIRW_SOUTHEASTSTAIRW,StairS,StairN,StairW,StairW
TOP_EMPTY,StairS,StairS,Empty,Empty
TOP_STAIRSFULL_SOUTHWALLCORNER,StairS,StairS,Empty,Wall
TOP_EMPTY,StairS,StairS,Empty,Door
TOP_STAIRSFULL_SOUTHSTAIRN,StairS,StairS,Empty,StairN
TOP_EMPTY,StairS,StairS,Empty,StairS
TOP_EMPTY_SOUTHSTAIRE,StairS,StairS,Empty,StairE
TOP_EMPTY_SOUTHSTAIRW,StairS,StairS,Empty,StairW
TOP_EMPTY,StairS,StairS,Wall,Empty
TOP_STAIRSFULL_SOUTHWALLHORIZONTAL,StairS,StairS,Wall,Wall
TOP_EMPTY,StairS,StairS,Wall,Door
TOP_STAIRSFULL_SOUTHSTAIRNFULL_EASTSTAIRSFULL,StairS,StairS,Wall,StairN
TOP_EMPTY,StairS,StairS,Wall,StairS
TOP_EMPTY_SOUTHSTAIRE,StairS,StairS,Wall,StairE
TOP_EMPTY_SOUTHSTAIRW,StairS,StairS,Wall,StairW
TOP_EMPTY,StairS,StairS,Door,Empty
TOP_STAIRSFULL_SOUTHWALLCORNER,StairS,StairS,Door,Wall
TOP_EMPTY,StairS,StairS,Door,Door
TOP_STAIRSFULL_SOUTHSTAIRN,StairS,StairS,Door,StairN
TOP_EMPTY,StairS,StairS,Door,StairS
TOP_EMPTY_SOUTHSTAIRE,StairS,StairS,Door,StairE
TOP_EMPTY_SOUTHSTAIRW,StairS,StairS,Door,StairW
TOP_EMPTY,StairS,StairS,StairN,Empty
TOP_STAIRSFULL_SOUTHWALLCORNER_SOUTHEASTSTAIRN_EASTSTAIRSFULL,StairS,StairS,StairN,Wall
TOP_EMPTY,StairS,StairS,StairN,Door
TOP_STAIRSFULL_SOUTHSTAIRNFULL_EASTSTAIRSFULL,StairS,StairS,StairN,StairN
TOP_EMPTY,StairS,StairS,StairN,StairS
TOP_EMPTY_SOUTHSTAIRE,StairS,StairS,StairN,StairE
TOP_EMPTY_SOUTHSTAIRW,StairS,StairS,StairN,StairW
TOP_EMPTY,StairS,StairS,StairS,Empty
TOP_STAIRSFULL_SOUTHWALLCORNER,StairS,StairS,StairS,Wall
TOP_EMPTY,StairS,StairS,StairS,Door
TOP_STAIRSFULL_SOUTHSTAIRN,StairS,StairS,StairS,StairN
TOP_EMPTY,StairS,StairS,StairS,StairS
TOP_EMPTY_SOUTHSTAIRE,StairS,StairS,StairS,StairE
TOP_EMPTY_SOUTHSTAIRW,StairS,StairS,StairS,StairW
TOP_EMPTY,StairS,StairS,StairE,Empty
TOP_STAIRSFULL_SOUTHWALLCORNER,StairS,StairS,StairE,Wall
TOP_EMPTY,StairS,StairS,StairE,Door
TOP_STAIRSFULL_SOUTHSTAIRN,StairS,StairS,StairE,StairN
TOP_EMPTY,StairS,StairS,StairE,StairS
TOP_EMPTY_SOUTHSTAIRE,StairS,StairS,StairE,StairE
TOP_EMPTY_SOUTHSTAIRW,StairS,StairS,StairE,StairW
TOP_STAIRSFULL_SOUTHEASTSTAIRW_EASTSTAIRSFULL,StairS,StairS,StairW,Empty
TOP_STAIRSFULL_SOUTHWALLHORIZONTAL,StairS,StairS,StairW,Wall
TOP_STAIRSFULL_SOUTHEASTSTAIRW_EASTSTAIRSFULL,StairS,StairS,StairW,Door
TOP_STAIRSFULL_SOUTHSTAIRN_SOUTHEASTSTAIRW_EASTSTAIRSFULL,StairS,StairS,StairW,StairN
TOP_STAIRSFULL_SOUTHEASTSTAIRW_EASTSTAIRSFULL,StairS,StairS,StairW,StairS
TOP_STAIRSFULL_SOUTHSTAIRE_SOUTHEASTSTAIRW_EASTSTAIRSFULL,StairS,StairS,StairW,StairE
TOP_STAIRSFULL_SOUTHSTAIRW_SOUTHEASTSTAIRW_EASTSTAIRSFULL,StairS,StairS,StairW,StairW
TOP_EMPTY,StairS,StairE,Empty,Empty
TOP_STAIRS_SOUTHWALLCORNER,StairS,StairE,Empty,Wall
TOP_EMPTY,StairS,StairE,Empty,Door
TOP_EMPTY_SOUTHSTAIRN,StairS,StairE,Empty,StairN
TOP_EMPTY,StairS,StairE,Empty,StairS
TOP_EMPTY_SOUTHSTAIRE,StairS,StairE,Empty,StairE
TOP_EMPTY_SOUTHSTAIRW,StairS,StairE,Empty,StairW
TOP_EMPTY,StairS,StairE,Wall,Empty
TOP_STAIRS_SOUTHWALLHORIZONTAL,StairS,StairE,Wall,Wall
TOP_EMPTY,StairS,StairE,Wall,Door
TOP_EMPTY_SOUTHSTAIRNFULL,StairS,StairE,Wall,StairN
TOP_EMPTY,StairS,StairE,Wall,StairS
TOP_EMPTY_SOUTHSTAIRE,StairS,StairE,Wall,StairE
TOP_EMPTY_SOUTHSTAIRW,StairS,StairE,Wall,StairW
TOP_EMPTY,StairS,StairE,Door,Empty
TOP_STAIRS_SOUTHWALLCORNER,StairS,StairE,Door,Wall
TOP_EMPTY,StairS,StairE,Door,Door
TOP_EMPTY_SOUTHSTAIRN,StairS,StairE,Door,StairN
TOP_EMPTY,StairS,StairE,Door,StairS
TOP_EMPTY_SOUTHSTAIRE,StairS,StairE,Door,StairE
TOP_EMPTY_SOUTHSTAIRW,StairS,StairE,Door,StairW
TOP_EMPTY,StairS,StairE,StairN,Empty
TOP_STAIRS_SOUTHWALLCORNER_SOUTHEASTSTAIRN,StairS,StairE,StairN,Wall
TOP_EMPTY,StairS,StairE,StairN,Door
TOP_EMPTY_SOUTHSTAIRNFULL,StairS,StairE,StairN,StairN
TOP_EMPTY,StairS,StairE,StairN,StairS
TOP_EMPTY_SOUTHSTAIRE,StairS,StairE,StairN,StairE
TOP_EMPTY_SOUTHSTAIRW,StairS,StairE,StairN,StairW
TOP_EMPTY,StairS,StairE,StairS,Empty
TOP_STAIRS_SOUTHWALLCORNER,StairS,StairE,StairS,Wall
TOP_EMPTY,StairS,StairE,StairS,Door
TOP_EMPTY_SOUTHSTAIRN,StairS,StairE,StairS,StairN
TOP_EMPTY,StairS,StairE,StairS,StairS
TOP_EMPTY_SOUTHSTAIRE,StairS,StairE,StairS,StairE
TOP_EMPTY_SOUTHSTAIRW,StairS,StairE,StairS,StairW
TOP_EMPTY,StairS,StairE,StairE,Empty
TOP_STAIRS_SOUTHWALLCORNER,StairS,StairE,StairE,Wall
TOP_EMPTY,StairS,StairE,StairE,Door
TOP_EMPTY_SOUTHSTAIRN,StairS,StairE,StairE,StairN
TOP_EMPTY,StairS,StairE,StairE,StairS
TOP_EMPTY_SOUTHSTAIRE,StairS,StairE,StairE,StairE
TOP_EMPTY_SOUTHSTAIRW,StairS,StairE,StairE,StairW
TOP_EMPTY_SOUTHEASTSTAIRW,StairS,StairE,StairW,Empty
TOP_STAIRS_SOUTHWALLHORIZONTAL,StairS,StairE,StairW,Wall
TOP_EMPTY_SOUTHEASTSTAIRW,StairS,StairE,StairW,Door
TOP_EMPTY_SOUTHSTAIRN_SOUTHEASTSTAIRW,StairS,StairE,StairW,StairN
TOP_EMPTY_SOUTHEASTSTAIRW,StairS,StairE,StairW,StairS
TOP_EMPTY_SOUTHSTAIRE_SOUTHEASTSTAIRW,StairS,StairE,StairW,StairE
TOP_EMPTY_SOUTHSTAIRW_SOUTHEASTSTAIRW,StairS,StairE,StairW,StairW
TOP_EMPTY_EASTSTAIRW,StairS,StairW,Empty,Empty
TOP_STAIRS_SOUTHWALLCORNER_EASTSTAIRW,StairS,StairW,Empty,Wall
TOP_EMPTY_EASTSTAIRW,StairS,StairW,Empty,Door
TOP_EMPTY_SOUTHSTAIRN_EASTSTAIRW,StairS,StairW,Empty,StairN
TOP_EMPTY_EASTSTAIRW,StairS,StairW,Empty,StairS
TOP_EMPTY_SOUTHSTAIRE_EASTSTAIRW,StairS,StairW,Empty,StairE
TOP_EMPTY_SOUTHSTAIRW_EASTSTAIRW,StairS,StairW,Empty,StairW
TOP_STAIRS_EASTSTAIRWFULL,StairS,StairW,Wall,Empty
TOP_STAIRS_SOUTHWALLHORIZONTAL_EASTSTAIRWFULL,StairS,StairW,Wall,Wall
TOP_STAIRS_EASTSTAIRWFULL,StairS,StairW,Wall,Door
TOP_EMPTY_SOUTHSTAIRNFULL_EASTSTAIRWFULL,StairS,StairW,Wall,StairN
TOP_STAIRS_EASTSTAIRWFULL,StairS,StairW,Wall,StairS
TOP_STAIRS_SOUTHSTAIRE_EASTSTAIRWFULL,StairS,StairW,Wall,StairE
TOP_STAIRS_SOUTHSTAIRW_EASTSTAIRWFULL,StairS,StairW,Wall,StairW
TOP_EMPTY_EASTSTAIRW,StairS,StairW,Door,Empty
TOP_STAIRS_SOUTHWALLCORNER_EASTSTAIRW,StairS,StairW,Door,Wall
TOP_EMPTY_EASTSTAIRW,StairS,StairW,Door,Door
TOP_EMPTY_SOUTHSTAIRN_EASTSTAIRW,StairS,StairW,Door,StairN
TOP_EMPTY_EASTSTAIRW,StairS,StairW,Door,StairS
TOP_EMPTY_SOUTHSTAIRE_EASTSTAIRW,StairS,StairW,Door,StairE
TOP_EMPTY_SOUTHSTAIRW_EASTSTAIRW,StairS,StairW,Door,StairW
TOP_EMPTY_EASTSTAIRW,StairS,StairW,StairN,Empty
TOP_STAIRS_SOUTHWALLCORNER_SOUTHEASTSTAIRN_EASTSTAIRW,StairS,StairW,StairN,Wall
TOP_EMPTY_EASTSTAIRW,StairS,StairW,StairN,Door
TOP_EMPTY_SOUTHSTAIRNFULL_SOUTHEASTSTAIRN_EASTSTAIRW,StairS,StairW,StairN,StairN
TOP_EMPTY_EASTSTAIRW,StairS,StairW,StairN,StairS
TOP_EMPTY_SOUTHSTAIRE_EASTSTAIRW,StairS,StairW,StairN,StairE
TOP_EMPTY_SOUTHSTAIRW_EASTSTAIRW,StairS,StairW,StairN,StairW
TOP_EMPTY_EASTSTAIRW,StairS,StairW,StairS,Empty
TOP_STAIRS_SOUTHWALLCORNER_EASTSTAIRW,StairS,StairW,StairS,Wall
TOP_EMPTY_EASTSTAIRW,StairS,StairW,StairS,Door
TOP_EMPTY_SOUTHSTAIRN_EASTSTAIRW,StairS,StairW,StairS,StairN
TOP_EMPTY_EASTSTAIRW,StairS,StairW,StairS,StairS
TOP_EMPTY_SOUTHSTAIRE_EASTSTAIRW,StairS,StairW,StairS,StairE
TOP_EMPTY_SOUTHSTAIRW_EASTSTAIRW,StairS,StairW,StairS,StairW
TOP_EMPTY_EASTSTAIRW,StairS,StairW,StairE,Empty
TOP_STAIRS_SOUTHWALLCORNER_EASTSTAIRW,StairS,StairW,StairE,Wall
TOP_EMPTY_EASTSTAIRW,StairS,StairW,StairE,Door
TOP_EMPTY_SOUTHSTAIRN_EASTSTAIRW,StairS,StairW,StairE,StairN
TOP_EMPTY_EASTSTAIRW,StairS,StairW,StairE,StairS
TOP_EMPTY_SOUTHSTAIRE_EASTSTAIRW,StairS,StairW,StairE,StairE
TOP_EMPTY_SOUTHSTAIRW_EASTSTAIRW,StairS,StairW,StairE,StairW
TOP_STAIRS_EASTSTAIRWFULL,StairS,StairW,StairW,Empty
TOP_STAIRS_SOUTHWALLHORIZONTAL_EASTSTAIRWFULL,StairS,StairW,StairW,Wall
TOP_STAIRS_EASTSTAIRWFULL,StairS,StairW,StairW,Door
TOP_EMPTY_SOUTHSTAIRNFULL_EASTSTAIRWFULL,StairS,StairW,StairW,StairN
TOP_STAIRS_EASTSTAIRWFULL,StairS,StairW,StairW,StairS
TOP_STAIRS_SOUTHSTAIRE_EASTSTAIRWFULL,StairS,StairW,StairW,StairE
TOP_STAIRS_SOUTHSTAIRW_EASTSTAIRWFULL,StairS,StairW,StairW,StairW
TOP_EMPTY,StairE,Empty,Empty,Empty
TOP_EMPTY_SOUTHWALLCORNER,StairE,Empty,Empty,Wall
TOP_EMPTY,StairE,Empty,Empty,Door
TOP_EMPTY_SOUTHSTAIRN,StairE,Empty,Empty,StairN
TOP_EMPTY,StairE,Empty,Empty,StairS
TOP_EMPTY_SOUTHSTAIREFULL,StairE,Empty,Empty,StairE
TOP_EMPTY_SOUTHSTAIRW,StairE,Empty,Empty,StairW
TOP_EMPTY,StairE,Empty,Wall,Empty
TOP_EMPTY_SOUTHWALLHORIZONTAL,StairE,Empty,Wall,Wall
TOP_EMPTY,StairE,Empty,Wall,Door
TOP_EMPTY_SOUTHSTAIRNFULL,StairE,Empty,Wall,StairN
TOP_EMPTY,StairE,Empty,Wall,StairS
TOP_EMPTY_SOUTHSTAIREFULL,StairE,Empty,Wall,StairE
TOP_EMPTY_SOUTHSTAIRW,StairE,Empty,Wall,StairW
TOP_EMPTY,StairE,Empty,Door,Empty
TOP_EMPTY_SOUTHWALLCORNER,StairE,Empty,Door,Wall
TOP_EMPTY,StairE,Empty,Door,Door
TOP_EMPTY_SOUTHSTAIRN,StairE,Empty,Door,StairN
TOP_EMPTY,StairE,Empty,Door,StairS
TOP_EMPTY_SOUTHSTAIREFULL,StairE,Empty,Door,StairE
TOP_EMPTY_SOUTHSTAIRW,StairE,Empty,Door,StairW
TOP_EMPTY,StairE,Empty,StairN,Empty
TOP_EMPTY_SOUTHWALLCORNER_SOUTHEASTSTAIRN,StairE,Empty,StairN,Wall
TOP_EMPTY,StairE,Empty,StairN,Door
TOP_EMPTY_SOUTHSTAIRNFULL,StairE,Empty,StairN,StairN
TOP_EMPTY,StairE,Empty,StairN,StairS
TOP_EMPTY_SOUTHSTAIREFULL,StairE,Empty,StairN,StairE
TOP_EMPTY_SOUTHSTAIRW,StairE,Empty,StairN,StairW
TOP_EMPTY,StairE,Empty,StairS,Empty
TOP_EMPTY_SOUTHWALLCORNER,StairE,Empty,StairS,Wall
TOP_EMPTY,StairE,Empty,StairS,Door
TOP_EMPTY_SOUTHSTAIRN,StairE,Empty,StairS,StairN
TOP_EMPTY,StairE,Empty,StairS,StairS
TOP_EMPTY_SOUTHSTAIREFULL,StairE,Empty,StairS,StairE
TOP_EMPTY_SOUTHSTAIRW,StairE,Empty,StairS,StairW
TOP_EMPTY,StairE,Empty,StairE,Empty
TOP_EMPTY_SOUTHWALLCORNER,StairE,Empty,StairE,Wall
TOP_EMPTY,StairE,Empty,StairE,Door
TOP_EMPTY_SOUTHSTAIRN,StairE,Empty,StairE,StairN
TOP_EMPTY,StairE,Empty,StairE,StairS
TOP_EMPTY_SOUTHSTAIREFULL,StairE,Empty,StairE,StairE
TOP_EMPTY_SOUTHSTAIRW,StairE,Empty,StairE,StairW
TOP_EMPTY_SOUTHEASTSTAIRW,StairE,Empty,StairW,Empty
TOP_EMPTY_SOUTHWALLHORIZONTAL,StairE,Empty,StairW,Wall
TOP_EMPTY_SOUTHEASTSTAIRW,StairE,Empty,StairW,Door
TOP_EMPTY_SOUTHSTAIRN_SOUTHEASTSTAIRW,StairE,Empty,StairW,StairN
TOP_EMPTY_SOUTHEASTSTAIRW,StairE,Empty,StairW,StairS
TOP_EMPTY_SOUTHSTAIREFULL_SOUTHEASTSTAIRW,StairE,Empty,StairW,StairE
TOP_EMPTY_SOUTHSTAIRW_SOUTHEASTSTAIRW,StairE,Empty,StairW,StairW
TOP_EMPTY,StairE,Wall,Empty,Empty
TOP_EMPTY_SOUTHWALLCORNER,StairE,Wall,Empty,Wall
TOP_EMPTY,StairE,Wall,Empty,Door
TOP_EMPTY_SOUTHSTAIRN,StairE,Wall,Empty,StairN
TOP_EMPTY,StairE,Wall,Empty,StairS
TOP_EMPTY_SOUTHSTAIREFULL,StairE,Wall,Empty,StairE
TOP_EMPTY_SOUTHSTAIRW,StairE,Wall,Empty,StairW
TOP_EMPTY,StairE,Wall,Wall,Empty
TOP_EMPTY_SOUTHWALLHORIZONTAL,StairE,Wall,Wall,Wall
TOP_EMPTY,StairE,Wall,Wall,Door
TOP_EMPTY_SOUTHSTAIRNFULL,StairE,Wall,Wall,StairN
TOP_EMPTY,StairE,Wall,Wall,StairS
TOP_EMPTY_SOUTHSTAIREFULL,StairE,Wall,Wall,StairE
TOP_EMPTY_SOUTHSTAIRW,StairE,Wall,Wall,StairW
TOP_EMPTY,StairE,Wall,Door,Empty
TOP_EMPTY_SOUTHWALLCORNER,StairE,Wall,Door,Wall
TOP_EMPTY,StairE,Wall,Door,Door
TOP_EMPTY_SOUTHSTAIRN,StairE,Wall,Door,StairN
TOP_EMPTY,StairE,Wall,Door,StairS
TOP_EMPTY_SOUTHSTAIREFULL,StairE,Wall,Door,StairE
TOP_EMPTY_SOUTHSTAIRW,StairE,Wall,Door,StairW
TOP_EMPTY,StairE,Wall,StairN,Empty
TOP_EMPTY_SOUTHWALLCORNER_SOUTHEASTSTAIRN,StairE,Wall,StairN,Wall
TOP_EMPTY,StairE,Wall,StairN,Door
TOP_EMPTY_SOUTHSTAIRNFULL,StairE,Wall,StairN,StairN
TOP_EMPTY,StairE,Wall,StairN,StairS
TOP_EMPTY_SOUTHSTAIREFULL,StairE,Wall,StairN,StairE
TOP_EMPTY_SOUTHSTAIRW,StairE,Wall,StairN,StairW
TOP_EMPTY,StairE,Wall,StairS,Empty
TOP_EMPTY_SOUTHWALLCORNER,StairE,Wall,StairS,Wall
TOP_EMPTY,StairE,Wall,StairS,Door
TOP_EMPTY_SOUTHSTAIRN,StairE,Wall,StairS,StairN
TOP_EMPTY,StairE,Wall,StairS,StairS
TOP_EMPTY_SOUTHSTAIREFULL,StairE,Wall,StairS,StairE
TOP_EMPTY_SOUTHSTAIRW,StairE,Wall,StairS,StairW
TOP_EMPTY,StairE,Wall,StairE,Empty
TOP_EMPTY_SOUTHWALLCORNER,StairE,Wall,StairE,Wall
TOP_EMPTY,StairE,Wall,StairE,Door
TOP_EMPTY_SOUTHSTAIRN,StairE,Wall,StairE,StairN
TOP_EMPTY,StairE,Wall,StairE,StairS
TOP_EMPTY_SOUTHSTAIREFULL,StairE,Wall,StairE,StairE
TOP_EMPTY_SOUTHSTAIRW,StairE,Wall,StairE,StairW
TOP_EMPTY_SOUTHEASTSTAIRWFULL,StairE,Wall,StairW,Empty
TOP_EMPTY_SOUTHWALLHORIZONTAL_SOUTHEASTSTAIRWFULL,StairE,Wall,StairW,Wall
TOP_EMPTY_SOUTHEASTSTAIRWFULL,StairE,Wall,StairW,Door
TOP_EMPTY_SOUTHSTAIRN_SOUTHEASTSTAIRWFULL,StairE,Wall,StairW,StairN
TOP_EMPTY_SOUTHEASTSTAIRWFULL,StairE,Wall,StairW,StairS
TOP_EMPTY_SOUTHSTAIREFULL_SOUTHEASTSTAIRWFULL,StairE,Wall,StairW,StairE
TOP_EMPTY_SOUTHSTAIRW_SOUTHEASTSTAIRWFULL,StairE,Wall,StairW,StairW
TOP_EMPTY,StairE,Door,Empty,Empty
TOP_EMPTY_SOUTHWALLCORNER,StairE,Door,Empty,Wall
TOP_EMPTY,StairE,Door,Empty,Door
TOP_EMPTY_SOUTHSTAIRN,StairE,Door,Empty,StairN
TOP_EMPTY,StairE,Door,Empty,StairS
TOP_EMPTY_SOUTHSTAIREFULL,StairE,Door,Empty,StairE
TOP_EMPTY_SOUTHSTAIRW,StairE,Door,Empty,StairW
TOP_EMPTY,StairE,Door,Wall,Empty
TOP_EMPTY_SOUTHWALLHORIZONTAL,StairE,Door,Wall,Wall
TOP_EMPTY,StairE,Door,Wall,Door
TOP_EMPTY_SOUTHSTAIRNFULL,StairE,Door,Wall,StairN
TOP_EMPTY,StairE,Door,Wall,StairS
TOP_EMPTY_SOUTHSTAIREFULL,StairE,Door,Wall,StairE
TOP_EMPTY_SOUTHSTAIRW,StairE,Door,Wall,StairW
TOP_EMPTY,StairE,Door,Door,Empty
TOP_EMPTY_SOUTHWALLCORNER,StairE,Door,Door,Wall
TOP_EMPTY,StairE,Door,Door,Door
TOP_EMPTY_SOUTHSTAIRN,StairE,Door,Door,StairN
TOP_EMPTY,StairE,Door,Door,StairS
TOP_EMPTY_SOUTHSTAIREFULL,StairE,Door,Door,StairE
TOP_EMPTY_SOUTHSTAIRW,StairE,Door,Door,StairW
TOP_EMPTY,StairE,Door,StairN,Empty
TOP_EMPTY_SOUTHWALLCORNER_SOUTHEASTSTAIRN,StairE,Door,StairN,Wall
TOP_EMPTY,StairE,Door,StairN,Door
TOP_EMPTY_SOUTHSTAIRNFULL,StairE,Door,StairN,StairN
TOP_EMPTY,StairE,Door,StairN,StairS
TOP_EMPTY_SOUTHSTAIREFULL,StairE,Door,StairN,StairE
TOP_EMPTY_SOUTHSTAIRW,StairE,Door,StairN,StairW
TOP_EMPTY,StairE,Door,StairS,Empty
TOP_EMPTY_SOUTHWALLCORNER,StairE,Door,StairS,Wall
TOP_EMPTY,StairE,Door,StairS,Door
TOP_EMPTY_SOUTHSTAIRN,StairE,Door,StairS,StairN
TOP_EMPTY,StairE,Door,StairS,StairS
TOP_EMPTY_SOUTHSTAIREFULL,StairE,Door,StairS,StairE
TOP_EMPTY_SOUTHSTAIRW,StairE,Door,StairS,StairW
TOP_EMPTY,StairE,Door,StairE,Empty
TOP_EMPTY_SOUTHWALLCORNER,StairE,Door,StairE,Wall
TOP_EMPTY,StairE,Door,StairE,Door
TOP_EMPTY_SOUTHSTAIRN,StairE,Door,StairE,StairN
TOP_EMPTY,StairE,Door,StairE,StairS
TOP_EMPTY_SOUTHSTAIREFULL,StairE,Door,StairE,StairE
TOP_EMPTY_SOUTHSTAIRW,StairE,Door,StairE,StairW
TOP_EMPTY_SOUTHEASTSTAIRW,StairE,Door,StairW,Empty
TOP_EMPTY_SOUTHWALLHORIZONTAL,StairE,Door,StairW,Wall
TOP_EMPTY_SOUTHEASTSTAIRW,StairE,Door,StairW,Door
TOP_EMPTY_SOUTHSTAIRN_SOUTHEASTSTAIRW,StairE,Door,StairW,StairN
TOP_EMPTY_SOUTHEASTSTAIRW,StairE,Door,StairW,StairS
TOP_EMPTY_SOUTHSTAIREFULL_SOUTHEASTSTAIRW,StairE,Door,StairW,StairE
TOP_EMPTY_SOUTHSTAIRW_SOUTHEASTSTAIRW,StairE,Door,StairW,StairW
TOP_EMPTY,StairE,StairN,Empty,Empty
TOP_EMPTY_SOUTHWALLCORNER,StairE,StairN,Empty,Wall
TOP_EMPTY,StairE,StairN,Empty,Door
TOP_EMPTY_SOUTHSTAIRN,StairE,StairN,Empty,StairN
TOP_EMPTY,StairE,StairN,Empty,StairS
TOP_EMPTY_SOUTHSTAIREFULL,StairE,StairN,Empty,StairE
TOP_EMPTY_SOUTHSTAIRW,StairE,StairN,Empty,StairW
TOP_EMPTY,StairE,StairN,Wall,Empty
TOP_EMPTY_SOUTHWALLHORIZONTAL,StairE,StairN,Wall,Wall
TOP_EMPTY,StairE,StairN,Wall,Door
TOP_EMPTY_SOUTHSTAIRNFULL,StairE,StairN,Wall,StairN
TOP_EMPTY,StairE,StairN,Wall,StairS
TOP_EMPTY_SOUTHSTAIREFULL,StairE,StairN,Wall,StairE
TOP_EMPTY_SOUTHSTAIRW,StairE,StairN,Wall,StairW
TOP_EMPTY,StairE,StairN,Door,Empty
TOP_EMPTY_SOUTHWALLCORNER,StairE,StairN,Door,Wall
TOP_EMPTY,StairE,StairN,Door,Door
TOP_EMPTY_SOUTHSTAIRN,StairE,StairN,Door,StairN
TOP_EMPTY,StairE,StairN,Door,StairS
TOP_EMPTY_SOUTHSTAIREFULL,StairE,StairN,Door,StairE
TOP_EMPTY_SOUTHSTAIRW,StairE,StairN,Door,StairW
TOP_EMPTY,StairE,StairN,StairN,Empty
TOP_EMPTY_SOUTHWALLCORNER_SOUTHEASTSTAIRN,StairE,StairN,StairN,Wall
TOP_EMPTY,StairE,StairN,StairN,Door
TOP_EMPTY_SOUTHSTAIRNFULL,StairE,StairN,StairN,StairN
TOP_EMPTY,StairE,StairN,StairN,StairS
TOP_EMPTY_SOUTHSTAIREFULL,StairE,StairN,StairN,StairE
TOP_EMPTY_SOUTHSTAIRW,StairE,StairN,StairN,StairW
TOP_EMPTY,StairE,StairN,StairS,Empty
TOP_EMPTY_SOUTHWALLCORNER,StairE,StairN,StairS,Wall
TOP_EMPTY,StairE,StairN,StairS,Door
TOP_EMPTY_SOUTHSTAIRN,StairE,StairN,StairS,StairN
TOP_EMPTY,StairE,StairN,StairS,StairS
TOP_EMPTY_SOUTHSTAIREFULL,StairE,StairN,StairS,StairE
TOP_EMPTY_SOUTHSTAIRW,StairE,StairN,StairS,StairW
TOP_EMPTY,StairE,StairN,StairE,Empty
TOP_EMPTY_SOUTHWALLCORNER,StairE,StairN,StairE,Wall
TOP_EMPTY,StairE,StairN,StairE,Door
TOP_EMPTY_SOUTHSTAIRN,StairE,StairN,StairE,StairN
TOP_EMPTY,StairE,StairN,StairE,StairS
TOP_EMPTY_SOUTHSTAIREFULL,StairE,StairN,StairE,StairE
TOP_EMPTY_SOUTHSTAIRW,StairE,StairN,StairE,StairW
TOP_EMPTY_SOUTHEASTSTAIRW,StairE,StairN,StairW,Empty
TOP_EMPTY_SOUTHWALLHORIZONTAL,StairE,StairN,StairW,Wall
TOP_EMPTY_SOUTHEASTSTAIRW,StairE,StairN,StairW,Door
TOP_EMPTY_SOUTHSTAIRN_SOUTHEASTSTAIRW,StairE,StairN,StairW,StairN
TOP_EMPTY_SOUTHEASTSTAIRW,StairE,StairN,StairW,StairS
TOP_EMPTY_SOUTHSTAIREFULL_SOUTHEASTSTAIRW,StairE,StairN,StairW,StairE
TOP_EMPTY_SOUTHSTAIRW_SOUTHEASTSTAIRW,StairE,StairN,StairW,StairW
TOP_EMPTY,StairE,StairS,Empty,Empty
TOP_EMPTY_SOUTHWALLCORNER,StairE,StairS,Empty,Wall
TOP_EMPTY,StairE,StairS,Empty,Door
TOP_EMPTY_SOUTHSTAIRN,StairE,StairS,Empty,StairN
TOP_EMPTY,StairE,StairS,Empty,StairS
TOP_EMPTY_SOUTHSTAIREFULL,StairE,StairS,Empty,StairE
TOP_EMPTY_SOUTHSTAIRW,StairE,StairS,Empty,StairW
TOP_EMPTY,StairE,StairS,Wall,Empty
TOP_EMPTY_SOUTHWALLHORIZONTAL,StairE,StairS,Wall,Wall
TOP_EMPTY,StairE,StairS,Wall,Door
TOP_EMPTY_SOUTHSTAIRNFULL,StairE,StairS,Wall,StairN
TOP_EMPTY,StairE,StairS,Wall,StairS
TOP_EMPTY_SOUTHSTAIREFULL,StairE,StairS,Wall,StairE
TOP_EMPTY_SOUTHSTAIRW,StairE,StairS,Wall,StairW
TOP_EMPTY,StairE,StairS,Door,Empty
TOP_EMPTY_SOUTHWALLCORNER,StairE,StairS,Door,Wall
TOP_EMPTY,StairE,StairS,Door,Door
TOP_EMPTY_SOUTHSTAIRN,StairE,StairS,Door,StairN
TOP_EMPTY,StairE,StairS,Door,StairS
TOP_EMPTY_SOUTHSTAIREFULL,StairE,StairS,Door,StairE
TOP_EMPTY_SOUTHSTAIRW,StairE,StairS,Door,StairW
TOP_EMPTY,StairE,StairS,StairN,Empty
TOP_EMPTY_SOUTHWALLCORNER_SOUTHEASTSTAIRN,StairE,StairS,StairN,Wall
TOP_EMPTY,StairE,StairS,StairN,Door
TOP_EMPTY_SOUTHSTAIRNFULL,StairE,StairS,StairN,StairN
TOP_EMPTY,StairE,StairS,StairN,StairS
TOP_EMPTY_SOUTHSTAIREFULL,StairE,StairS,StairN,StairE
TOP_EMPTY_SOUTHSTAIRW,StairE,StairS,StairN,StairW
TOP_EMPTY,StairE,StairS,StairS,Empty
TOP_EMPTY_SOUTHWALLCORNER,StairE,StairS,StairS,Wall
TOP_EMPTY,StairE,StairS,StairS,Door
TOP_EMPTY_SOUTHSTAIRN,StairE,StairS,StairS,StairN
TOP_EMPTY,StairE,StairS,StairS,StairS
TOP_EMPTY_SOUTHSTAIREFULL,StairE,StairS,StairS,StairE
TOP_EMPTY_SOUTHSTAIRW,StairE,StairS,StairS,StairW
TOP_EMPTY,StairE,StairS,StairE,Empty
TOP_EMPTY_SOUTHWALLCORNER,StairE,StairS,StairE,Wall
TOP_EMPTY,StairE,StairS,StairE,Door
TOP_EMPTY_SOUTHSTAIRN,StairE,StairS,StairE,StairN
TOP_EMPTY,StairE,StairS,StairE,StairS
TOP_EMPTY_SOUTHSTAIREFULL,StairE,StairS,StairE,StairE
TOP_EMPTY_SOUTHSTAIRW,StairE,StairS,StairE,StairW
TOP_EMPTY_SOUTHEASTSTAIRW,StairE,StairS,StairW,Empty
TOP_EMPTY_SOUTHWALLHORIZONTAL,StairE,StairS,StairW,Wall
TOP_EMPTY_SOUTHEASTSTAIRW,StairE,StairS,StairW,Door
TOP_EMPTY_SOUTHSTAIRN_SOUTHEASTSTAIRW,StairE,StairS,StairW,StairN
TOP_EMPTY_SOUTHEASTSTAIRW,StairE,StairS,StairW,StairS
TOP_EMPTY_SOUTHSTAIREFULL_SOUTHEASTSTAIRW,StairE,StairS,StairW,StairE
TOP_EMPTY_SOUTHSTAIRW_SOUTHEASTSTAIRW,StairE,StairS,StairW,StairW
TOP_EMPTY,StairE,StairE,Empty,Empty
TOP_EMPTY_SOUTHWALLCORNER,StairE,StairE,Empty,Wall
TOP_EMPTY,StairE,StairE,Empty,Door
TOP_EMPTY_SOUTHSTAIRN,StairE,StairE,Empty,StairN
TOP_EMPTY,StairE,StairE,Empty,StairS
TOP_EMPTY_SOUTHSTAIREFULL,StairE,StairE,Empty,StairE
TOP_EMPTY_SOUTHSTAIRW,StairE,StairE,Empty,StairW
TOP_EMPTY,StairE,StairE,Wall,Empty
TOP_EMPTY_SOUTHWALLHORIZONTAL,StairE,StairE,Wall,Wall
TOP_EMPTY,StairE,StairE,Wall,Door
TOP_EMPTY_SOUTHSTAIRNFULL,StairE,StairE,Wall,StairN
TOP_EMPTY,StairE,StairE,Wall,StairS
TOP_EMPTY_SOUTHSTAIREFULL,StairE,StairE,Wall,StairE
TOP_EMPTY_SOUTHSTAIRW,StairE,StairE,Wall,StairW
TOP_EMPTY,StairE,StairE,Door,Empty
TOP_EMPTY_SOUTHWALLCORNER,StairE,StairE,Door,Wall
TOP_EMPTY,StairE,StairE,Door,Door
TOP_EMPTY_SOUTHSTAIRN,StairE,StairE,Door,StairN
TOP_EMPTY,StairE,StairE,Door,StairS
TOP_EMPTY_SOUTHSTAIREFULL,StairE,StairE,Door,StairE
TOP_EMPTY_SOUTHSTAIRW,StairE,StairE,Door,StairW
TOP_EMPTY,StairE,StairE,StairN,Empty
TOP_EMPTY_SOUTHWALLCORNER_SOUTHEASTSTAIRN,StairE,StairE,StairN,Wall
TOP_EMPTY,StairE,StairE,StairN,Door
TOP_EMPTY_SOUTHSTAIRNFULL,StairE,StairE,StairN,StairN
TOP_EMPTY,StairE,StairE,StairN,StairS
TOP_EMPTY_SOUTHSTAIREFULL,StairE,StairE,StairN,StairE
TOP_EMPTY_SOUTHSTAIRW,StairE,StairE,StairN,StairW
TOP_EMPTY,StairE,StairE,StairS,Empty
TOP_EMPTY_SOUTHWALLCORNER,StairE,StairE,StairS,Wall
TOP_EMPTY,StairE,StairE,StairS,Door
TOP_EMPTY_SOUTHSTAIRN,StairE,StairE,StairS,StairN
TOP_EMPTY,StairE,StairE,StairS,StairS
TOP_EMPTY_SOUTHSTAIREFULL,StairE,StairE,StairS,StairE
TOP_EMPTY_SOUTHSTAIRW,StairE,StairE,StairS,StairW
TOP_EMPTY,StairE,StairE,StairE,Empty
TOP_EMPTY_SOUTHWALLCORNER,StairE,StairE,StairE,Wall
TOP_EMPTY,StairE,StairE,StairE,Door
TOP_EMPTY_SOUTHSTAIRN,StairE,StairE,StairE,StairN
TOP_EMPTY,StairE,StairE,StairE,StairS
TOP_EMPTY_SOUTHSTAIREFULL,StairE,StairE,StairE,StairE
TOP_EMPTY_SOUTHSTAIRW,StairE,StairE,StairE,StairW
TOP_EMPTY_SOUTHEASTSTAIRW,StairE,StairE,StairW,Empty
TOP_EMPTY_SOUTHWALLHORIZONTAL,StairE,StairE,StairW,Wall
TOP_EMPTY_SOUTHEASTSTAIRW,StairE,StairE,StairW,Door
TOP_EMPTY_SOUTHSTAIRN_SOUTHEASTSTAIRW,StairE,StairE,StairW,StairN
TOP_EMPTY_SOUTHEASTSTAIRW,StairE,StairE,StairW,StairS
TOP_EMPTY_SOUTHSTAIREFULL_SOUTHEASTSTAIRW,StairE,StairE,StairW,StairE
TOP_EMPTY_SOUTHSTAIRW_SOUTHEASTSTAIRW,StairE,StairE,StairW,StairW
TOP_EMPTY_EASTSTAIRW,StairE,StairW,Empty,Empty
TOP_EMPTY_SOUTHWALLCORNER_EASTSTAIRW,StairE,StairW,Empty,Wall
TOP_EMPTY_EASTSTAIRW,StairE,StairW,Empty,Door
TOP_EMPTY_SOUTHSTAIRN_EASTSTAIRW,StairE,StairW,Empty,StairN
TOP_EMPTY_EASTSTAIRW,StairE,StairW,Empty,StairS
TOP_EMPTY_SOUTHSTAIREFULL_EASTSTAIRW,StairE,StairW,Empty,StairE
TOP_EMPTY_SOUTHSTAIRW_EASTSTAIRW,StairE,StairW,Empty,StairW
TOP_EMPTY_EASTSTAIRWFULL,StairE,StairW,Wall,Empty
TOP_EMPTY_SOUTHWALLHORIZONTAL_EASTSTAIRWFULL,StairE,StairW,Wall,Wall
TOP_EMPTY_EASTSTAIRWFULL,StairE,StairW,Wall,Door
TOP_EMPTY_SOUTHSTAIRNFULL_EASTSTAIRWFULL,StairE,StairW,Wall,StairN
TOP_EMPTY_EASTSTAIRWFULL,StairE,StairW,Wall,StairS
TOP_EMPTY_SOUTHSTAIREFULL_EASTSTAIRWFULL,StairE,StairW,Wall,StairE
TOP_EMPTY_SOUTHSTAIRW_EASTSTAIRWFULL,StairE,StairW,Wall,StairW
TOP_EMPTY_EASTSTAIRW,StairE,StairW,Door,Empty
TOP_EMPTY_SOUTHWALLCORNER_EASTSTAIRW,StairE,StairW,Door,Wall
TOP_EMPTY_EASTSTAIRW,StairE,StairW,Door,Door
TOP_EMPTY_SOUTHSTAIRN_EASTSTAIRW,StairE,StairW,Door,StairN
TOP_EMPTY_EASTSTAIRW,StairE,StairW,Door,StairS
TOP_EMPTY_SOUTHSTAIREFULL_EASTSTAIRW,StairE,StairW,Door,StairE
TOP_EMPTY_SOUTHSTAIRW_EASTSTAIRW,StairE,StairW,Door,StairW
TOP_EMPTY_EASTSTAIRW,StairE,StairW,StairN,Empty
TOP_EMPTY_SOUTHWALLCORNER_SOUTHEASTSTAIRN_EASTSTAIRW,StairE,StairW,StairN,Wall
TOP_EMPTY_EASTSTAIRW,StairE,StairW,StairN,Door
TOP_EMPTY_SOUTHSTAIRNFULL_SOUTHEASTSTAIRN_EASTSTAIRW,StairE,StairW,StairN,StairN
TOP_EMPTY_EASTSTAIRW,StairE,StairW,StairN,StairS
TOP_EMPTY_SOUTHSTAIREFULL_EASTSTAIRW,StairE,StairW,StairN,StairE
TOP_EMPTY_SOUTHSTAIRW_EASTSTAIRW,StairE,StairW,StairN,StairW
TOP_EMPTY_EASTSTAIRW,StairE,StairW,StairS,Empty
TOP_EMPTY_SOUTHWALLCORNER_EASTSTAIRW,StairE,StairW,StairS,Wall
TOP_EMPTY_EASTSTAIRW,StairE,StairW,StairS,Door
TOP_EMPTY_SOUTHSTAIRN_EASTSTAIRW,StairE,StairW,StairS,StairN
TOP_EMPTY_EASTSTAIRW,StairE,StairW,StairS,StairS
TOP_EMPTY_SOUTHSTAIREFULL_EASTSTAIRW,StairE,StairW,StairS,StairE
TOP_EMPTY_SOUTHSTAIRW_EASTSTAIRW,StairE,StairW,StairS,StairW
TOP_EMPTY_EASTSTAIRW,StairE,StairW,StairE,Empty
TOP_EMPTY_SOUTHWALLCORNER_EASTSTAIRW,StairE,StairW,StairE,Wall
TOP_EMPTY_EASTSTAIRW,StairE,StairW,StairE,Door
TOP_EMPTY_SOUTHSTAIRN_EASTSTAIRW,StairE,StairW,StairE,StairN
TOP_EMPTY_EASTSTAIRW,StairE,StairW,StairE,StairS
TOP_EMPTY_SOUTHSTAIREFULL_EASTSTAIRW,StairE,StairW,StairE,StairE
TOP_EMPTY_SOUTHSTAIRW_EASTSTAIRW,StairE,StairW,StairE,StairW
TOP_EMPTY_EASTSTAIRWFULL,StairE,StairW,StairW,Empty
TOP_EMPTY_SOUTHWALLHORIZONTAL_EASTSTAIRWFULL,StairE,StairW,StairW,Wall
TOP_EMPTY_EASTSTAIRWFULL,StairE,StairW,StairW,Door
TOP_EMPTY_SOUTHSTAIRNFULL_EASTSTAIRWFULL,StairE,StairW,StairW,StairN
TOP_EMPTY_EASTSTAIRWFULL,StairE,StairW,StairW,StairS
TOP_EMPTY_SOUTHSTAIREFULL_EASTSTAIRWFULL,StairE,StairW,StairW,StairE
TOP_EMPTY_SOUTHSTAIRW_EASTSTAIRWFULL,StairE,StairW,StairW,StairW
TOP_EMPTY,StairW,Empty,Empty,Empty
TOP_EMPTY_SOUTHWALLCORNER,StairW,Empty,Empty,Wall
TOP_EMPTY,StairW,Empty,Empty,Door
TOP_EMPTY_SOUTHSTAIRN,StairW,Empty,Empty,StairN
TOP_EMPTY,StairW,Empty,Empty,StairS
TOP_EMPTY_SOUTHSTAIRE,StairW,Empty,Empty,StairE
TOP_EMPTY_SOUTHSTAIRWFULL,StairW,Empty,Empty,StairW
TOP_EMPTY,StairW,Empty,Wall,Empty
TOP_EMPTY_SOUTHWALLHORIZONTAL,StairW,Empty,Wall,Wall
TOP_EMPTY,StairW,Empty,Wall,Door
TOP_EMPTY_SOUTHSTAIRNFULL,StairW,Empty,Wall,StairN
TOP_EMPTY,StairW,Empty,Wall,StairS
TOP_EMPTY_SOUTHSTAIRE,StairW,Empty,Wall,StairE
TOP_EMPTY_SOUTHSTAIRWFULL,StairW,Empty,Wall,StairW
TOP_EMPTY,StairW,Empty,Door,Empty
TOP_EMPTY_SOUTHWALLCORNER,StairW,Empty,Door,Wall
TOP_EMPTY,StairW,Empty,Door,Door
TOP_EMPTY_SOUTHSTAIRN,StairW,Empty,Door,StairN
TOP_EMPTY,StairW,Empty,Door,StairS
TOP_EMPTY_SOUTHSTAIRE,StairW,Empty,Door,StairE
TOP_EMPTY_SOUTHSTAIRWFULL,StairW,Empty,Door,StairW
TOP_EMPTY,StairW,Empty,StairN,Empty
TOP_EMPTY_SOUTHWALLCORNER_SOUTHEASTSTAIRN,StairW,Empty,StairN,Wall
TOP_EMPTY,StairW,Empty,StairN,Door
TOP_EMPTY_SOUTHSTAIRNFULL,StairW,Empty,StairN,StairN
TOP_EMPTY,StairW,Empty,StairN,StairS
TOP_EMPTY_SOUTHSTAIRE,StairW,Empty,StairN,StairE
TOP_EMPTY_SOUTHSTAIRWFULL,StairW,Empty,StairN,StairW
TOP_EMPTY,StairW,Empty,StairS,Empty
TOP_EMPTY_SOUTHWALLCORNER,StairW,Empty,StairS,Wall
TOP_EMPTY,StairW,Empty,StairS,Door
TOP_EMPTY_SOUTHSTAIRN,StairW,Empty,StairS,StairN
TOP_EMPTY,StairW,Empty,StairS,StairS
TOP_EMPTY_SOUTHSTAIRE,StairW,Empty,StairS,StairE
TOP_EMPTY_SOUTHSTAIRWFULL,StairW,Empty,StairS,StairW
TOP_EMPTY,StairW,Empty,StairE,Empty
TOP_EMPTY_SOUTHWALLCORNER,StairW,Empty,StairE,Wall
TOP_EMPTY,StairW,Empty,StairE,Door
TOP_EMPTY_SOUTHSTAIRN,StairW,Empty,StairE,StairN
TOP_EMPTY,StairW,Empty,StairE,StairS
TOP_EMPTY_SOUTHSTAIRE,StairW,Empty,StairE,StairE
TOP_EMPTY_SOUTHSTAIRWFULL,StairW,Empty,StairE,StairW
TOP_EMPTY_SOUTHEASTSTAIRW,StairW,Empty,StairW,Empty
TOP_EMPTY_SOUTHWALLHORIZONTAL,StairW,Empty,StairW,Wall
TOP_EMPTY_SOUTHEASTSTAIRW,StairW,Empty,StairW,Door
TOP_EMPTY_SOUTHSTAIRN_SOUTHEASTSTAIRW,StairW,Empty,StairW,StairN
TOP_EMPTY_SOUTHEASTSTAIRW,StairW,Empty,StairW,StairS
TOP_EMPTY_SOUTHSTAIRE_SOUTHEASTSTAIRW,StairW,Empty,StairW,StairE
TOP_EMPTY_SOUTHSTAIRWFULL_SOUTHEASTSTAIRW,StairW,Empty,StairW,StairW
TOP_EMPTY,StairW,Wall,Empty,Empty
TOP_EMPTY_SOUTHWALLCORNER,StairW,Wall,Empty,Wall
TOP_EMPTY,StairW,Wall,Empty,Door
TOP_EMPTY_SOUTHSTAIRN,StairW,Wall,Empty,StairN
TOP_EMPTY,StairW,Wall,Empty,StairS
TOP_EMPTY_SOUTHSTAIRE,StairW,Wall,Empty,StairE
TOP_EMPTY_SOUTHSTAIRWFULL,StairW,Wall,Empty,StairW
TOP_EMPTY,StairW,Wall,Wall,Empty
TOP_EMPTY_SOUTHWALLHORIZONTAL,StairW,Wall,Wall,Wall
TOP_EMPTY,StairW,Wall,Wall,Door
TOP_EMPTY_SOUTHSTAIRNFULL,StairW,Wall,Wall,StairN
TOP_EMPTY,StairW,Wall,Wall,StairS
TOP_EMPTY_SOUTHSTAIRE,StairW,Wall,Wall,StairE
TOP_EMPTY_SOUTHSTAIRWFULL,StairW,Wall,Wall,StairW
TOP_EMPTY,StairW,Wall,Door,Empty
TOP_EMPTY_SOUTHWALLCORNER,StairW,Wall,Door,Wall
TOP_EMPTY,StairW,Wall,Door,Door
TOP_EMPTY_SOUTHSTAIRN,StairW,Wall,Door,StairN
TOP_EMPTY,StairW,Wall,Door,StairS
TOP_EMPTY_SOUTHSTAIRE,StairW,Wall,Door,StairE
TOP_EMPTY_SOUTHSTAIRWFULL,StairW,Wall,Door,StairW
TOP_EMPTY,StairW,Wall,StairN,Empty
TOP_EMPTY_SOUTHWALLCORNER_SOUTHEASTSTAIRN,StairW,Wall,StairN,Wall
TOP_EMPTY,StairW,Wall,StairN,Door
TOP_EMPTY_SOUTHSTAIRNFULL,StairW,Wall,StairN,StairN
TOP_EMPTY,StairW,Wall,StairN,StairS
TOP_EMPTY_SOUTHSTAIRE,StairW,Wall,StairN,StairE
TOP_EMPTY_SOUTHSTAIRWFULL,StairW,Wall,StairN,StairW
TOP_EMPTY,StairW,Wall,StairS,Empty
TOP_EMPTY_SOUTHWALLCORNER,StairW,Wall,StairS,Wall
TOP_EMPTY,StairW,Wall,StairS,Door
TOP_EMPTY_SOUTHSTAIRN,StairW,Wall,StairS,StairN
TOP_EMPTY,StairW,Wall,StairS,StairS
TOP_EMPTY_SOUTHSTAIRE,StairW,Wall,StairS,StairE
TOP_EMPTY_SOUTHSTAIRWFULL,StairW,Wall,StairS,StairW
TOP_EMPTY,StairW,Wall,StairE,Empty
TOP_EMPTY_SOUTHWALLCORNER,StairW,Wall,StairE,Wall
TOP_EMPTY,StairW,Wall,StairE,Door
TOP_EMPTY_SOUTHSTAIRN,StairW,Wall,StairE,StairN
TOP_EMPTY,StairW,Wall,StairE,StairS
TOP_EMPTY_SOUTHSTAIRE,StairW,Wall,StairE,StairE
TOP_EMPTY_SOUTHSTAIRWFULL,StairW,Wall,StairE,StairW
TOP_EMPTY_SOUTHEASTSTAIRWFULL,StairW,Wall,StairW,Empty
TOP_EMPTY_SOUTHWALLHORIZONTAL_SOUTHEASTSTAIRWFULL,StairW,Wall,StairW,Wall
TOP_EMPTY_SOUTHEASTSTAIRWFULL,StairW,Wall,StairW,Door
TOP_EMPTY_SOUTHSTAIRN_SOUTHEASTSTAIRWFULL,StairW,Wall,StairW,StairN
TOP_EMPTY_SOUTHEASTSTAIRWFULL,StairW,Wall,StairW,StairS
TOP_EMPTY_SOUTHSTAIRE_SOUTHEASTSTAIRWFULL,StairW,Wall,StairW,StairE
TOP_EMPTY_SOUTHSTAIRWFULL_SOUTHEASTSTAIRWFULL,StairW,Wall,StairW,StairW
TOP_EMPTY,StairW,Door,Empty,Empty
TOP_EMPTY_SOUTHWALLCORNER,StairW,Door,Empty,Wall
TOP_EMPTY,StairW,Door,Empty,Door
TOP_EMPTY_SOUTHSTAIRN,StairW,Door,Empty,StairN
TOP_EMPTY,StairW,Door,Empty,StairS
TOP_EMPTY_SOUTHSTAIRE,StairW,Door,Empty,StairE
TOP_EMPTY_SOUTHSTAIRWFULL,StairW,Door,Empty,StairW
TOP_EMPTY,StairW,Door,Wall,Empty
TOP_EMPTY_SOUTHWALLHORIZONTAL,StairW,Door,Wall,Wall
TOP_EMPTY,StairW,Door,Wall,Door
TOP_EMPTY_SOUTHSTAIRNFULL,StairW,Door,Wall,StairN
TOP_EMPTY,StairW,Door,Wall,StairS
TOP_EMPTY_SOUTHSTAIRE,StairW,Door,Wall,StairE
TOP_EMPTY_SOUTHSTAIRWFULL,StairW,Door,Wall,StairW
TOP_EMPTY,StairW,Door,Door,Empty
TOP_EMPTY_SOUTHWALLCORNER,StairW,Door,Door,Wall
TOP_EMPTY,StairW,Door,Door,Door
TOP_EMPTY_SOUTHSTAIRN,StairW,Door,Door,StairN
TOP_EMPTY,StairW,Door,Door,StairS
TOP_EMPTY_SOUTHSTAIRE,StairW,Door,Door,StairE
TOP_EMPTY_SOUTHSTAIRWFULL,StairW,Door,Door,StairW
TOP_EMPTY,StairW,Door,StairN,Empty
TOP_EMPTY_SOUTHWALLCORNER_SOUTHEASTSTAIRN,StairW,Door,StairN,Wall
TOP_EMPTY,StairW,Door,StairN,Door
TOP_EMPTY_SOUTHSTAIRNFULL,StairW,Door,StairN,StairN
TOP_EMPTY,StairW,Door,StairN,StairS
TOP_EMPTY_SOUTHSTAIRE,StairW,Door,StairN,StairE
TOP_EMPTY_SOUTHSTAIRWFULL,StairW,Door,StairN,StairW
TOP_EMPTY,StairW,Door,StairS,Empty
TOP_EMPTY_SOUTHWALLCORNER,StairW,Door,StairS,Wall
TOP_EMPTY,StairW,Door,StairS,Door
TOP_EMPTY_SOUTHSTAIRN,StairW,Door,StairS,StairN
TOP_EMPTY,StairW,Door,StairS,StairS
TOP_EMPTY_SOUTHSTAIRE,StairW,Door,StairS,StairE
TOP_EMPTY_SOUTHSTAIRWFULL,StairW,Door,StairS,StairW
TOP_EMPTY,StairW,Door,StairE,Empty
TOP_EMPTY_SOUTHWALLCORNER,StairW,Door,StairE,Wall
TOP_EMPTY,StairW,Door,StairE,Door
TOP_EMPTY_SOUTHSTAIRN,StairW,Door,StairE,StairN
TOP_EMPTY,StairW,Door,StairE,StairS
TOP_EMPTY_SOUTHSTAIRE,StairW,Door,StairE,StairE
TOP_EMPTY_SOUTHSTAIRWFULL,StairW,Door,StairE,StairW
TOP_EMPTY_SOUTHEASTSTAIRW,StairW,Door,StairW,Empty
TOP_EMPTY_SOUTHWALLHORIZONTAL,StairW,Door,StairW,Wall
TOP_EMPTY_SOUTHEASTSTAIRW,StairW,Door,StairW,Door
TOP_EMPTY_SOUTHSTAIRN_SOUTHEASTSTAIRW,StairW,Door,StairW,StairN
TOP_EMPTY_SOUTHEASTSTAIRW,StairW,Door,StairW,StairS
TOP_EMPTY_SOUTHSTAIRE_SOUTHEASTSTAIRW,StairW,Door,StairW,StairE
TOP_EMPTY_SOUTHSTAIRWFULL_SOUTHEASTSTAIRW,StairW,Door,StairW,StairW
TOP_EMPTY,StairW,StairN,Empty,Empty
TOP_EMPTY_SOUTHWALLCORNER,StairW,StairN,Empty,Wall
TOP_EMPTY,StairW,StairN,Empty,Door
TOP_EMPTY_SOUTHSTAIRN,StairW,StairN,Empty,StairN
TOP_EMPTY,StairW,StairN,Empty,StairS
TOP_EMPTY_SOUTHSTAIRE,StairW,StairN,Empty,StairE
TOP_EMPTY_SOUTHSTAIRWFULL,StairW,StairN,Empty,StairW
TOP_EMPTY,StairW,StairN,Wall,Empty
TOP_EMPTY_SOUTHWALLHORIZONTAL,StairW,StairN,Wall,Wall
TOP_EMPTY,StairW,StairN,Wall,Door
TOP_EMPTY_SOUTHSTAIRNFULL,StairW,StairN,Wall,StairN
TOP_EMPTY,StairW,StairN,Wall,StairS
TOP_EMPTY_SOUTHSTAIRE,StairW,StairN,Wall,StairE
TOP_EMPTY_SOUTHSTAIRWFULL,StairW,StairN,Wall,StairW
TOP_EMPTY,StairW,StairN,Door,Empty
TOP_EMPTY_SOUTHWALLCORNER,StairW,StairN,Door,Wall
TOP_EMPTY,StairW,StairN,Door,Door
TOP_EMPTY_SOUTHSTAIRN,StairW,StairN,Door,StairN
TOP_EMPTY,StairW,StairN,Door,StairS
TOP_EMPTY_SOUTHSTAIRE,StairW,StairN,Door,StairE
TOP_EMPTY_SOUTHSTAIRWFULL,StairW,StairN,Door,StairW
TOP_EMPTY,StairW,StairN,StairN,Empty
TOP_EMPTY_SOUTHWALLCORNER_SOUTHEASTSTAIRN,StairW,StairN,StairN,Wall
TOP_EMPTY,StairW,StairN,StairN,Door
TOP_EMPTY_SOUTHSTAIRNFULL,StairW,StairN,StairN,StairN
TOP_EMPTY,StairW,StairN,StairN,StairS
TOP_EMPTY_SOUTHSTAIRE,StairW,StairN,StairN,StairE
TOP_EMPTY_SOUTHSTAIRWFULL,StairW,StairN,StairN,StairW
TOP_EMPTY,StairW,StairN,StairS,Empty
TOP_EMPTY_SOUTHWALLCORNER,StairW,StairN,StairS,Wall
TOP_EMPTY,StairW,StairN,StairS,Door
TOP_EMPTY_SOUTHSTAIRN,StairW,StairN,StairS,StairN
TOP_EMPTY,StairW,StairN,StairS,StairS
TOP_EMPTY_SOUTHSTAIRE,StairW,StairN,StairS,StairE
TOP_EMPTY_SOUTHSTAIRWFULL,StairW,StairN,StairS,StairW
TOP_EMPTY,StairW,StairN,StairE,Empty
TOP_EMPTY_SOUTHWALLCORNER,StairW,StairN,StairE,Wall
TOP_EMPTY,StairW,StairN,StairE,Door
TOP_EMPTY_SOUTHSTAIRN,StairW,StairN,StairE,StairN
TOP_EMPTY,StairW,StairN,StairE,StairS
TOP_EMPTY_SOUTHSTAIRE,StairW,StairN,StairE,StairE
TOP_EMPTY_SOUTHSTAIRWFULL,StairW,StairN,StairE,StairW
TOP_EMPTY_SOUTHEASTSTAIRW,StairW,StairN,StairW,Empty
TOP_EMPTY_SOUTHWALLHORIZONTAL,StairW,StairN,StairW,Wall
TOP_EMPTY_SOUTHEASTSTAIRW,StairW,StairN,StairW,Door
TOP_EMPTY_SOUTHSTAIRN_SOUTHEASTSTAIRW,StairW,StairN,StairW,StairN
TOP_EMPTY_SOUTHEASTSTAIRW,StairW,StairN,StairW,StairS
TOP_EMPTY_SOUTHSTAIRE_SOUTHEASTSTAIRW,StairW,StairN,StairW,StairE
TOP_EMPTY_SOUTHSTAIRWFULL_SOUTHEASTSTAIRW,StairW,StairN,StairW,StairW
TOP_EMPTY,StairW,StairS,Empty,Empty
TOP_EMPTY_SOUTHWALLCORNER,StairW,StairS,Empty,Wall
TOP_EMPTY,StairW,StairS,Empty,Door
TOP_EMPTY_SOUTHSTAIRN,StairW,StairS,Empty,StairN
TOP_EMPTY,StairW,StairS,Empty,StairS
TOP_EMPTY_SOUTHSTAIRE,StairW,StairS,Empty,StairE
TOP_EMPTY_SOUTHSTAIRWFULL,StairW,StairS,Empty,StairW
TOP_EMPTY,StairW,StairS,Wall,Empty
TOP_EMPTY_SOUTHWALLHORIZONTAL,StairW,StairS,Wall,Wall
TOP_EMPTY,StairW,StairS,Wall,Door
TOP_EMPTY_SOUTHSTAIRNFULL,StairW,StairS,Wall,StairN
TOP_EMPTY,StairW,StairS,Wall,StairS
TOP_EMPTY_SOUTHSTAIRE,StairW,StairS,Wall,StairE
TOP_EMPTY_SOUTHSTAIRWFULL,StairW,StairS,Wall,StairW
TOP_EMPTY,StairW,StairS,Door,Empty
TOP_EMPTY_SOUTHWALLCORNER,StairW,StairS,Door,Wall
TOP_EMPTY,StairW,StairS,Door,Door
TOP_EMPTY_SOUTHSTAIRN,StairW,StairS,Door,StairN
TOP_EMPTY,StairW,StairS,Door,StairS
TOP_EMPTY_SOUTHSTAIRE,StairW,StairS,Door,StairE
TOP_EMPTY_SOUTHSTAIRWFULL,StairW,StairS,Door,StairW
TOP_EMPTY,StairW,StairS,StairN,Empty
TOP_EMPTY_SOUTHWALLCORNER_SOUTHEASTSTAIRN,StairW,StairS,StairN,Wall
TOP_EMPTY,StairW,StairS,StairN,Door
TOP_EMPTY_SOUTHSTAIRNFULL,StairW,StairS,StairN,StairN
TOP_EMPTY,StairW,StairS,StairN,StairS
TOP_EMPTY_SOUTHSTAIRE,StairW,StairS,StairN,StairE
TOP_EMPTY_SOUTHSTAIRWFULL,StairW,StairS,StairN,StairW
TOP_EMPTY,StairW,StairS,StairS,Empty
TOP_EMPTY_SOUTHWALLCORNER,StairW,StairS,StairS,Wall
TOP_EMPTY,StairW,StairS,StairS,Door
TOP_EMPTY_SOUTHSTAIRN,StairW,StairS,StairS,StairN
TOP_EMPTY,StairW,StairS,StairS,StairS
TOP_EMPTY_SOUTHSTAIRE,StairW,StairS,StairS,StairE
TOP_EMPTY_SOUTHSTAIRWFULL,StairW,StairS,StairS,StairW
TOP_EMPTY,StairW,StairS,StairE,Empty
TOP_EMPTY_SOUTHWALLCORNER,StairW,StairS,StairE,Wall
TOP_EMPTY,StairW,StairS,StairE,Door
TOP_EMPTY_SOUTHSTAIRN,StairW,StairS,StairE,StairN
TOP_EMPTY,StairW,StairS,StairE,StairS
TOP_EMPTY_SOUTHSTAIRE,StairW,StairS,StairE,StairE
TOP_EMPTY_SOUTHSTAIRWFULL,StairW,StairS,StairE,StairW
TOP_EMPTY_SOUTHEASTSTAIRW,StairW,StairS,StairW,Empty
TOP_EMPTY_SOUTHWALLHORIZONTAL,StairW,StairS,StairW,Wall
TOP_EMPTY_SOUTHEASTSTAIRW,StairW,StairS,StairW,Door
TOP_EMPTY_SOUTHSTAIRN_SOUTHEASTSTAIRW,StairW,StairS,StairW,StairN
TOP_EMPTY_SOUTHEASTSTAIRW,StairW,StairS,StairW,StairS
TOP_EMPTY_SOUTHSTAIRE_SOUTHEASTSTAIRW,StairW,StairS,StairW,StairE
TOP_EMPTY_SOUTHSTAIRWFULL_SOUTHEASTSTAIRW,StairW,StairS,StairW,StairW
TOP_EMPTY,StairW,StairE,Empty,Empty
TOP_EMPTY_SOUTHWALLCORNER,StairW,StairE,Empty,Wall
TOP_EMPTY,StairW,StairE,Empty,Door
TOP_EMPTY_SOUTHSTAIRN,StairW,StairE,Empty,StairN
TOP_EMPTY,StairW,StairE,Empty,StairS
TOP_EMPTY_SOUTHSTAIRE,StairW,StairE,Empty,StairE
TOP_EMPTY_SOUTHSTAIRWFULL,StairW,StairE,Empty,StairW
TOP_EMPTY,StairW,StairE,Wall,Empty
TOP_EMPTY_SOUTHWALLHORIZONTAL,StairW,StairE,Wall,Wall
TOP_EMPTY,StairW,StairE,Wall,Door
TOP_EMPTY_SOUTHSTAIRNFULL,StairW,StairE,Wall,StairN
TOP_EMPTY,StairW,StairE,Wall,StairS
TOP_EMPTY_SOUTHSTAIRE,StairW,StairE,Wall,StairE
TOP_EMPTY_SOUTHSTAIRWFULL,StairW,StairE,Wall,StairW
TOP_EMPTY,StairW,StairE,Door,Empty
TOP_EMPTY_SOUTHWALLCORNER,StairW,StairE,Door,Wall
TOP_EMPTY,StairW,StairE,Door,Door
TOP_EMPTY_SOUTHSTAIRN,StairW,StairE,Door,StairN
TOP_EMPTY,StairW,StairE,Door,StairS
TOP_EMPTY_SOUTHSTAIRE,StairW,StairE,Door,StairE
TOP_EMPTY_SOUTHSTAIRWFULL,StairW,StairE,Door,StairW
TOP_EMPTY,StairW,StairE,StairN,Empty
TOP_EMPTY_SOUTHWALLCORNER_SOUTHEASTSTAIRN,StairW,StairE,StairN,Wall
TOP_EMPTY,StairW,StairE,StairN,Door
TOP_EMPTY_SOUTHSTAIRNFULL,StairW,StairE,StairN,StairN
TOP_EMPTY,StairW,StairE,StairN,StairS
TOP_EMPTY_SOUTHSTAIRE,StairW,StairE,StairN,StairE
TOP_EMPTY_SOUTHSTAIRWFULL,StairW,StairE,StairN,StairW
TOP_EMPTY,StairW,StairE,StairS,Empty
TOP_EMPTY_SOUTHWALLCORNER,StairW,StairE,StairS,Wall
TOP_EMPTY,StairW,StairE,StairS,Door
TOP_EMPTY_SOUTHSTAIRN,StairW,StairE,StairS,StairN
TOP_EMPTY,StairW,StairE,StairS,StairS
TOP_EMPTY_SOUTHSTAIRE,StairW,StairE,StairS,StairE
TOP_EMPTY_SOUTHSTAIRWFULL,StairW,StairE,StairS,StairW
TOP_EMPTY,StairW,StairE,StairE,Empty
TOP_EMPTY_SOUTHWALLCORNER,StairW,StairE,StairE,Wall
TOP_EMPTY,StairW,StairE,StairE,Door
TOP_EMPTY_SOUTHSTAIRN,StairW,StairE,StairE,StairN
TOP_EMPTY,StairW,StairE,StairE,StairS
TOP_EMPTY_SOUTHSTAIRE,StairW,StairE,StairE,StairE
TOP_EMPTY_SOUTHSTAIRWFULL,StairW,StairE,StairE,StairW
TOP_EMPTY_SOUTHEASTSTAIRW,StairW,StairE,StairW,Empty
TOP_EMPTY_SOUTHWALLHORIZONTAL,StairW,StairE,StairW,Wall
TOP_EMPTY_SOUTHEASTSTAIRW,StairW,StairE,StairW,Door
TOP_EMPTY_SOUTHSTAIRN_SOUTHEASTSTAIRW,StairW,StairE,StairW,StairN
TOP_EMPTY_SOUTHEASTSTAIRW,StairW,StairE,StairW,StairS
TOP_EMPTY_SOUTHSTAIRE_SOUTHEASTSTAIRW,StairW,StairE,StairW,StairE
TOP_EMPTY_SOUTHSTAIRWFULL_SOUTHEASTSTAIRW,StairW,StairE,StairW,StairW
TOP_EMPTY_EASTSTAIRW,StairW,StairW,Empty,Empty
TOP_EMPTY_SOUTHWALLCORNER_EASTSTAIRW,StairW,StairW,Empty,Wall
TOP_EMPTY_EASTSTAIRW,StairW,StairW,Empty,Door
TOP_EMPTY_SOUTHSTAIRN_EASTSTAIRW,StairW,StairW,Empty,StairN
TOP_EMPTY_EASTSTAIRW,StairW,StairW,Empty,StairS
TOP_EMPTY_SOUTHSTAIRE_EASTSTAIRW,StairW,StairW,Empty,StairE
TOP_EMPTY_SOUTHSTAIRWFULL_EASTSTAIRW,StairW,StairW,Empty,StairW
TOP_EMPTY_EASTSTAIRWFULL,StairW,StairW,Wall,Empty
TOP_EMPTY_SOUTHWALLHORIZONTAL_EASTSTAIRWFULL,StairW,StairW,Wall,Wall
TOP_EMPTY_EASTSTAIRWFULL,StairW,StairW,Wall,Door
TOP_EMPTY_SOUTHSTAIRNFULL_EASTSTAIRWFULL,StairW,StairW,Wall,StairN
TOP_EMPTY_EASTSTAIRWFULL,StairW,StairW,Wall,StairS
TOP_EMPTY_SOUTHSTAIRE_EASTSTAIRWFULL,StairW,StairW,Wall,StairE
TOP_EMPTY_SOUTHSTAIRWFULL_EASTSTAIRWFULL,StairW,StairW,Wall,StairW
TOP_EMPTY_EASTSTAIRW,StairW,StairW,Door,Empty
TOP_EMPTY_SOUTHWALLCORNER_EASTSTAIRW,StairW,StairW,Door,Wall
TOP_EMPTY_EASTSTAIRW,StairW,StairW,Door,Door
TOP_EMPTY_SOUTHSTAIRN_EASTSTAIRW,StairW,StairW,Door,StairN
TOP_EMPTY_EASTSTAIRW,StairW,StairW,Door,StairS
TOP_EMPTY_SOUTHSTAIRE_EASTSTAIRW,StairW,StairW,Door,StairE
TOP_EMPTY_SOUTHSTAIRWFULL_EASTSTAIRW,StairW,StairW,Door,StairW
TOP_EMPTY_EASTSTAIRW,StairW,StairW,StairN,Empty
TOP_EMPTY_SOUTHWALLCORNER_SOUTHEASTSTAIRN_EASTSTAIRW,StairW,StairW,StairN,Wall
TOP_EMPTY_EASTSTAIRW,StairW,StairW,StairN,Door
TOP_EMPTY_SOUTHSTAIRNFULL_SOUTHEASTSTAIRN_EASTSTAIRW,StairW,StairW,StairN,StairN
TOP_EMPTY_EASTSTAIRW,StairW,StairW,StairN,StairS
TOP_EMPTY_SOUTHSTAIRE_EASTSTAIRW,StairW,StairW,StairN,StairE
TOP_EMPTY_SOUTHSTAIRWFULL_EASTSTAIRW,StairW,StairW,StairN,StairW
TOP_EMPTY_EASTSTAIRW,StairW,StairW,StairS,Empty
TOP_EMPTY_SOUTHWALLCORNER_EASTSTAIRW,StairW,StairW,StairS,Wall
TOP_EMPTY_EASTSTAIRW,StairW,StairW,StairS,Door
TOP_EMPTY_SOUTHSTAIRN_EASTSTAIRW,StairW,StairW,StairS,StairN
TOP_EMPTY_EASTSTAIRW,StairW,StairW,StairS,StairS
TOP_EMPTY_SOUTHSTAIRE_EASTSTAIRW,StairW,StairW,StairS,StairE
TOP_EMPTY_SOUTHSTAIRWFULL_EASTSTAIRW,StairW,StairW,StairS,StairW
TOP_EMPTY_EASTSTAIRW,StairW,StairW,StairE,Empty
TOP_EMPTY_SOUTHWALLCORNER_EASTSTAIRW,StairW,StairW,StairE,Wall
TOP_EMPTY_EASTSTAIRW,StairW,StairW,StairE,Door
TOP_EMPTY_SOUTHSTAIRN_EASTSTAIRW,StairW,StairW,StairE,StairN
TOP_EMPTY_EASTSTAIRW,StairW,StairW,StairE,StairS
TOP_EMPTY_SOUTHSTAIRE_EASTSTAIRW,StairW,StairW,StairE,StairE
TOP_EMPTY_SOUTHSTAIRWFULL_EASTSTAIRW,StairW,StairW,StairE,StairW
TOP_EMPTY_EASTSTAIRWFULL,StairW,StairW,StairW,Empty
TOP_EMPTY_SOUTHWALLHORIZONTAL_EASTSTAIRWFULL,StairW,StairW,StairW,Wall
TOP_EMPTY_EASTSTAIRWFULL,StairW,StairW,StairW,Door
TOP_EMPTY_SOUTHSTAIRNFULL_EASTSTAIRWFULL,StairW,StairW,StairW,StairN
TOP_EMPTY_EASTSTAIRWFULL,StairW,StairW,StairW,StairS
TOP_EMPTY_SOUTHSTAIRE_EASTSTAIRWFULL,StairW,StairW,StairW,StairE
TOP_EMPTY_SOUTHSTAIRWFULL_EASTSTAIRWFULL,StairW,StairW,StairW,StairW
